Date,Well_Head_Pressure_(atm),Downhole_Gauge_Pressure_(atm),Downhole_Gauge_Pressure_(psi),BHFP_at_Top_Perf_(atm),WellBore_Dynamic_Fluid Density _(kg/m3),Daily_Gas_Production_(1000 m³/day),Daily_Condensate_Production_(ton/day),Daily_Water_Production_(ton/day),Daily_Liquid_Production_(ton/day),Total_Produced_Gas_(1000 m³),Total_Produced_Condensate_(ton),Total_Produced_Water_(ton),Total_Produced_Liquid_(ton)
04.12.19 00:00,#N/A,#N/A,#N/A,#N/A,#N/A,54,8,0,9,54,8,0,9
4.13.19 0:00,#N/A,#N/A,#N/A,#N/A,#N/A,1233,190,6,196,1287,198,7,205
4.14.19 0:00,515,750,11020,806,570,290,45,1,46,1577,243,8,251
4.15.19 0:00,582,757,11127,799,424,849,131,4,135,2426,373,12,386
4.16.19 0:00,581,755,11089,796,420,956,147,5,152,3382,520,17,538
4.17.19 0:00,586,759,11152,800,420,962,148,5,153,4344,668,22,690
4.18.19 0:00,586,759,11150,800,419,962,148,5,153,5306,816,27,843
4.19.19 0:00,586,759,11151,800,419,962,148,5,153,6268,964,32,996
4.20.19 0:00,586,759,11154,800,419,962,148,5,153,7230,1112,37,1149
4.21.19 0:00,586,759,11155,800,420,962,148,5,153,8192,1260,42,1302
4.22.19 0:00,586,759,11156,800,420,962,148,5,153,9154,1408,47,1455
4.23.19 0:00,586,759,11151,800,419,962,148,5,153,10116,1555,52,1608
4.24.19 0:00,586,759,11154,800,420,962,148,5,153,11078,1703,58,1761
4.25.19 0:00,586,759,11154,800,420,962,148,5,153,12040,1851,63,1914
4.26.19 0:00,586,759,11155,800,420,962,148,5,153,13002,1998,68,2066
4.27.19 0:00,585,759,11156,801,422,962,148,5,153,13964,2146,73,2219
4.28.19 0:00,585,759,11157,801,422,962,148,5,153,14926,2294,78,2372
4.29.19 0:00,585,759,11157,801,422,962,149,4,153,15888,2443,82,2525
4.30.19 0:00,585,759,11157,801,422,962,149,4,153,16850,2592,86,2678
05.01.19 00:00,585,759,11157,801,422,854,142,3,145,17704,2734,89,2823
05.02.19 00:00,586,760,11165,801,423,842,140,3,143,18546,2874,92,2966
05.03.19 00:00,586,761,11178,802,424,853,142,3,145,19399,3016,96,3111
05.04.19 00:00,584,759,11159,801,425,886,147,4,151,20285,3162,99,3262
05.05.19 00:00,584,759,11158,801,425,854,142,3,145,21139,3304,103,3407
05.06.19 00:00,584,759,11158,801,425,872,145,3,148,22011,3449,106,3555
05.07.19 00:00,571,749,11008,792,432,987,164,4,168,22998,3613,110,3723
05.08.19 00:00,554,736,10814,779,440,1140,189,5,194,24138,3802,115,3917
05.09.19 00:00,563,743,10914,785,435,1186,197,5,202,25324,3999,119,4118
05.10.19 00:00,556,737,10828,780,439,1319,219,5,224,26643,4218,125,4342
05.11.19 00:00,555,736,10817,779,439,1345,223,5,229,27988,4441,130,4571
05.12.19 00:00,555,736,10810,779,438,1340,222,5,228,29328,4663,135,4799
5.13.19 0:00,560,740,10877,783,436,1332,221,5,226,30661,4885,141,5025
5.14.19 0:00,567,745,10953,788,432,1092,181,4,186,31752,5066,145,5211
5.15.19 0:00,567,745,10954,788,433,1134,188,4,193,32887,5254,149,5403
5.16.19 0:00,567,745,10954,788,433,1207,200,5,205,34094,5454,154,5609
5.17.19 0:00,567,745,10953,788,432,1222,203,5,208,35316,5657,159,5816
5.18.19 0:00,567,745,10952,788,432,1160,192,5,197,36475,5850,164,6013
5.19.19 0:00,567,745,10951,788,432,1149,191,4,195,37624,6040,168,6208
5.20.19 0:00,567,745,10951,788,432,1166,194,5,198,38791,6234,173,6406
5.21.19 0:00,567,745,10950,788,432,1190,198,5,202,39981,6431,177,6609
5.22.19 0:00,567,745,10948,787,432,1173,195,5,199,41153,6626,182,6808
5.23.19 0:00,567,745,10948,787,432,1163,193,5,198,42316,6819,186,7005
5.24.19 0:00,567,745,10947,787,431,1103,183,4,187,43420,7002,191,7193
5.25.19 0:00,567,745,10945,787,431,1134,188,4,193,44553,7190,195,7385
5.26.19 0:00,567,745,10944,787,431,1184,196,5,201,45737,7387,200,7586
5.27.19 0:00,567,745,10944,787,431,1176,195,5,200,46913,7582,204,7786
5.28.19 0:00,567,745,10944,787,431,1202,200,5,204,48115,7781,209,7990
5.29.19 0:00,567,745,10942,787,431,1192,198,5,202,49307,7979,214,8193
5.30.19 0:00,567,744,10941,787,430,1182,196,5,201,50489,8175,218,8394
5.31.19 0:00,567,744,10940,787,430,1169,194,5,199,51658,8369,223,8592
06.01.19 00:00,567,744,10939,787,430,1009,164,4,168,52666,8534,227,8761
06.02.19 00:00,567,744,10937,787,430,1009,164,4,168,53675,8698,231,8929
06.03.19 00:00,566,744,10933,786,431,1009,164,4,168,54684,8863,234,9097
06.04.19 00:00,566,744,10931,786,431,1009,164,4,168,55693,9027,238,9265
06.05.19 00:00,566,744,10930,786,431,1009,164,4,168,56702,9192,242,9434
06.06.19 00:00,566,744,10928,786,431,1009,164,4,168,57711,9356,246,9602
06.07.19 00:00,567,744,10934,786,430,1009,164,4,168,58720,9520,250,9770
06.08.19 00:00,567,744,10936,786,430,1009,164,4,168,59729,9685,254,9939
06.09.19 00:00,567,744,10935,786,429,1007,164,4,168,60736,9849,258,10107
06.10.19 00:00,567,744,10934,786,429,1007,154,4,158,61743,10003,261,10265
06.11.19 00:00,567,744,10933,786,429,1007,154,4,158,62750,10158,265,10423
06.12.19 00:00,567,744,10932,786,429,1007,154,4,158,63758,10312,269,10581
6.13.19 0:00,534,747,10982,798,517,1005,166,4,169,64763,10478,272,10750
6.14.19 0:00,572,749,11003,791,429,978,162,4,165,65741,10639,276,10916
6.15.19 0:00,562,741,10890,784,433,1068,176,4,180,66810,10816,280,11096
6.16.19 0:00,558,737,10833,780,434,1149,191,5,196,67958,11007,285,11292
6.17.19 0:00,557,737,10827,780,435,1151,192,5,197,69110,11199,289,11488
6.18.19 0:00,555,735,10803,778,437,1173,194,5,198,70283,11393,294,11687
6.19.19 0:00,554,734,10788,777,437,1187,197,5,201,71470,11590,299,11888
6.20.19 0:00,554,734,10784,777,436,1189,197,5,202,72659,11787,303,12090
6.21.19 0:00,554,734,10781,776,436,1190,197,5,202,73849,11984,308,12292
6.22.19 0:00,554,733,10779,776,435,1191,194,5,199,75040,12179,313,12491
6.23.19 0:00,553,733,10777,776,437,1189,198,5,203,76229,12377,317,12694
6.24.19 0:00,553,733,10775,776,437,1188,196,5,201,77417,12573,322,12895
6.25.19 0:00,553,733,10773,776,437,1192,191,4,195,78609,12764,326,13090
6.26.19 0:00,553,733,10770,776,436,1193,193,5,197,79802,12956,331,13287
6.27.19 0:00,553,733,10768,776,436,1188,197,5,202,80989,13153,335,13489
6.28.19 0:00,553,733,10765,775,435,1191,195,5,200,82180,13349,340,13689
6.29.19 0:00,553,732,10763,775,435,1190,195,5,200,83370,13544,345,13888
6.30.19 0:00,553,732,10762,775,435,1188,195,5,199,84558,13738,349,14088
07.01.19 00:00,552,732,10760,775,437,1285,205,6,211,85844,13943,355,14298
07.02.19 00:00,552,732,10757,775,436,1284,204,6,210,87128,14148,361,14509
07.03.19 00:00,555,734,10792,777,434,1244,198,6,204,88371,14346,367,14713
07.04.19 00:00,547,728,10697,771,439,1340,213,6,220,89711,14559,373,14932
07.05.19 00:00,542,725,10649,768,442,1361,217,6,223,91072,14776,379,15155
07.06.19 00:00,542,724,10645,768,442,1428,227,7,234,92500,15003,386,15389
07.07.19 00:00,542,724,10642,768,442,1428,227,7,234,93928,15231,393,15623
07.08.19 00:00,542,724,10636,767,441,1428,227,7,234,95356,15458,399,15857
07.09.19 00:00,542,723,10632,767,441,1428,227,7,234,96785,15685,406,16091
07.10.19 00:00,541,723,10630,767,442,1428,227,7,234,98213,15913,412,16325
07.11.19 00:00,541,723,10627,767,442,1428,227,7,234,99641,16140,419,16559
07.12.19 00:00,541,723,10625,766,441,1428,227,7,234,101069,16368,426,16793
7.13.19 0:00,541,723,10624,766,441,1428,227,7,234,102497,16595,432,17027
7.14.19 0:00,541,723,10621,766,441,1428,227,7,234,103925,16823,439,17261
7.15.19 0:00,541,723,10618,766,440,1428,227,7,234,105353,17050,445,17495
7.16.19 0:00,541,722,10615,766,440,1428,227,7,234,106781,17277,452,17729
7.17.19 0:00,540,722,10613,766,442,1428,227,7,234,108209,17505,459,17963
7.18.19 0:00,540,722,10611,765,441,1428,227,7,234,109637,17732,465,18197
7.19.19 0:00,540,722,10609,765,441,1428,227,7,234,111065,17960,472,18432
7.20.19 0:00,540,722,10607,765,441,1428,227,7,234,112493,18187,478,18666
7.21.19 0:00,540,722,10605,765,441,1428,227,7,234,113921,18414,485,18900
7.22.19 0:00,540,721,10603,765,440,1428,227,7,234,115349,18642,492,19134
7.23.19 0:00,540,721,10602,765,440,1428,227,7,234,116777,18869,498,19368
7.24.19 0:00,540,721,10599,764,439,1428,227,7,234,118205,19097,505,19602
7.25.19 0:00,540,721,10597,764,439,1428,227,7,234,119633,19324,511,19836
7.26.19 0:00,539,721,10596,764,441,1428,227,7,234,121062,19552,518,20070
7.27.19 0:00,546,726,10675,769,438,1428,227,7,234,122490,19779,525,20304
7.28.19 0:00,540,721,10599,765,440,1428,227,7,234,123918,20006,531,20538
7.29.19 0:00,539,720,10588,764,440,1428,227,7,234,125346,20234,538,20772
7.30.19 0:00,539,720,10585,764,440,1428,227,7,234,126774,20461,545,21006
7.31.19 0:00,539,720,10582,763,439,1428,227,7,234,128202,20689,551,21240
08.01.19 00:00,538,720,10579,763,441,1556,224,7,231,129757,20913,558,21471
08.02.19 00:00,538,720,10577,763,441,1556,224,7,231,131313,21137,564,21702
08.03.19 00:00,538,720,10575,763,440,1556,224,7,231,132868,21362,571,21932
08.04.19 00:00,538,719,10572,763,440,1556,224,7,231,134424,21586,577,22163
08.05.19 00:00,538,719,10570,762,440,1556,224,7,231,135980,21810,584,22394
08.06.19 00:00,538,719,10568,762,439,1556,224,7,231,137535,22035,590,22625
08.07.19 00:00,538,719,10566,762,440,1556,224,7,231,139091,22259,597,22856
08.08.19 00:00,537,719,10564,762,441,1556,224,7,231,140646,22483,603,23087
08.09.19 00:00,537,719,10561,762,441,1556,224,7,231,142202,22708,610,23318
08.10.19 00:00,537,718,10558,762,440,1556,224,7,231,143757,22932,616,23548
08.11.19 00:00,537,718,10557,762,440,1556,224,7,231,145313,23156,623,23779
08.12.19 00:00,537,718,10555,761,439,1556,224,7,231,146868,23381,629,24010
8.13.19 0:00,537,718,10553,761,439,1556,224,7,231,148424,23605,636,24241
8.14.19 0:00,537,718,10551,761,439,1556,224,7,231,149979,23829,642,24472
8.15.19 0:00,537,718,10549,761,439,1556,224,7,231,151535,24054,649,24703
8.16.19 0:00,557,733,10777,775,427,1224,176,5,182,152759,24230,654,24884
8.17.19 0:00,561,737,10825,778,426,1099,159,5,163,153858,24389,659,25047
8.18.19 0:00,554,731,10745,773,430,1265,182,5,188,155123,24571,664,25235
8.19.19 0:00,537,718,10555,762,440,1556,224,7,231,156679,24796,670,25466
8.20.19 0:00,536,718,10545,761,440,1556,224,7,231,158234,25020,677,25697
8.21.19 0:00,536,717,10539,760,439,1556,224,7,231,159790,25244,683,25928
8.22.19 0:00,536,717,10535,760,439,1556,224,7,231,161345,25469,690,26159
8.23.19 0:00,535,717,10532,760,440,1556,224,7,231,162901,25693,697,26389
8.24.19 0:00,535,717,10533,760,440,1556,224,7,231,164456,25917,703,26620
8.25.19 0:00,540,720,10580,763,436,1556,224,7,231,166012,26142,710,26851
8.26.19 0:00,540,720,10583,763,437,1556,224,7,231,167567,26366,716,27082
8.27.19 0:00,540,720,10582,763,437,1556,224,7,231,169123,26590,723,27313
8.28.19 0:00,540,720,10580,763,436,1556,224,7,231,170678,26815,729,27544
8.29.19 0:00,540,720,10578,763,436,1556,224,7,231,172234,27039,736,27775
8.30.19 0:00,540,720,10577,763,436,1556,224,7,231,173790,27263,742,28005
8.31.19 0:00,540,720,10577,763,436,1556,224,7,231,175345,27488,749,28236
09.01.19 00:00,540,719,10574,762,435,1507,236,7,243,176852,27724,755,28479
09.02.19 00:00,540,719,10572,762,435,1494,234,7,241,178347,27958,762,28720
09.03.19 00:00,539,719,10570,762,436,1498,235,7,241,179845,28193,769,28962
09.04.19 00:00,539,719,10569,762,437,1507,236,7,243,181351,28429,776,29205
09.05.19 00:00,539,719,10567,762,437,1503,235,7,242,182855,28664,783,29447
09.06.19 00:00,537,717,10537,760,438,1530,240,7,247,184385,28904,790,29693
09.07.19 00:00,534,715,10513,759,440,1564,245,7,252,185949,29149,797,29946
09.08.19 00:00,534,715,10510,758,439,1565,245,7,252,187514,29394,804,30198
09.09.19 00:00,534,715,10508,758,439,1436,225,7,231,188949,29619,811,30429
09.10.19 00:00,540,720,10575,762,435,1464,229,7,236,190414,29848,817,30665
09.11.19 00:00,534,715,10506,758,439,1563,245,7,252,191976,30093,824,30917
09.12.19 00:00,534,715,10502,758,439,1565,245,7,252,193541,30338,831,31169
9.13.19 0:00,533,714,10499,758,440,1568,246,7,253,195109,30584,839,31422
9.14.19 0:00,533,714,10496,757,439,1603,251,7,258,196712,30835,846,31681
9.15.19 0:00,533,714,10494,757,439,1601,251,7,258,198314,31086,853,31939
9.16.19 0:00,533,714,10491,757,439,1557,244,7,251,199871,31330,860,32190
9.17.19 0:00,533,714,10489,757,438,1535,240,7,247,201405,31570,867,32437
9.18.19 0:00,533,714,10487,757,438,1535,241,7,248,202941,31810,874,32685
9.19.19 0:00,533,714,10486,757,439,1565,245,7,252,204505,32056,881,32937
9.20.19 0:00,532,713,10484,757,440,1548,243,7,250,206054,32298,888,33186
9.21.19 0:00,532,713,10482,757,440,1557,244,7,251,207611,32542,895,33437
9.22.19 0:00,539,718,10555,761,436,1421,223,6,229,209031,32765,902,33666
9.23.19 0:00,539,718,10555,761,436,1438,225,7,232,210470,32990,908,33898
9.24.19 0:00,532,713,10485,757,440,1541,241,7,248,212011,33231,915,34147
9.25.19 0:00,532,713,10480,756,439,1535,240,7,247,213546,33472,922,34394
9.26.19 0:00,532,713,10477,756,439,1530,240,7,247,215076,33711,929,34641
9.27.19 0:00,532,713,10475,756,438,1537,241,7,248,216613,33952,936,34889
9.28.19 0:00,532,713,10472,756,438,1494,234,7,241,218107,34186,943,35129
9.29.19 0:00,532,712,10470,756,438,1524,239,7,246,219632,34425,950,35375
9.30.19 0:00,531,712,10468,756,440,1523,239,7,246,221155,34664,957,35621
10.01.19 00:00,531,712,10466,755,439,1506,245,7,252,222661,34909,964,35873
10.02.19 00:00,531,712,10464,755,439,1501,244,7,252,224162,35153,971,36125
10.03.19 00:00,531,712,10462,755,439,1494,243,7,250,225655,35397,978,36375
10.04.19 00:00,531,712,10460,755,438,1497,244,7,251,227153,35641,985,36626
10.05.19 00:00,530,712,10458,755,440,1509,246,7,253,228662,35886,993,36879
10.06.19 00:00,530,712,10456,755,440,1500,244,7,251,230161,36131,1000,37130
10.07.19 00:00,530,711,10455,755,440,1512,246,7,254,231674,36377,1007,37384
10.08.19 00:00,530,711,10452,754,440,1507,245,7,253,233181,36622,1014,37636
10.09.19 00:00,530,711,10451,754,439,1468,239,7,246,234648,36861,1021,37882
10.10.19 00:00,530,711,10449,754,439,1488,242,7,249,236137,37104,1028,38132
10.11.19 00:00,530,711,10447,754,439,1462,238,7,245,237599,37342,1035,38377
10.12.19 00:00,530,711,10446,754,439,1500,244,7,251,239099,37586,1042,38628
10.13.19 0:00,530,711,10444,754,438,1481,241,7,248,240579,37827,1049,38876
10.14.19 0:00,530,711,10442,754,438,1495,244,7,251,242074,38071,1056,39127
10.15.19 0:00,529,710,10440,754,440,1483,242,7,249,243557,38312,1063,39376
10.16.19 0:00,529,710,10438,754,440,1474,240,7,247,245031,38553,1070,39623
10.17.19 0:00,529,710,10437,753,439,1465,239,7,246,246497,38791,1077,39868
10.18.19 0:00,529,710,10435,753,439,1452,236,7,243,247949,39028,1084,40112
10.19.19 0:00,529,710,10434,753,439,1478,241,7,248,249426,39268,1091,40359
10.20.19 0:00,529,710,10432,753,439,1470,239,7,246,250896,39508,1098,40606
10.21.19 0:00,529,710,10431,753,438,1457,237,7,244,252353,39745,1105,40850
10.22.19 0:00,529,710,10428,753,438,1452,237,7,243,253806,39982,1112,41093
10.23.19 0:00,529,709,10427,753,438,1464,238,7,245,255269,40220,1119,41339
10.24.19 0:00,528,709,10425,753,439,1456,237,7,244,256726,40457,1125,41583
10.25.19 0:00,528,709,10422,752,439,1438,234,7,241,258163,40691,1132,41824
10.26.19 0:00,528,709,10421,752,439,1439,234,7,241,259603,40926,1139,42065
10.27.19 0:00,528,709,10419,752,439,1440,235,7,241,261043,41160,1146,42306
10.28.19 0:00,528,709,10418,752,439,1448,236,7,243,262491,41396,1153,42549
10.29.19 0:00,528,709,10416,752,438,1449,236,7,243,263940,41632,1160,42792
10.30.19 0:00,547,723,10620,765,427,1213,198,6,203,265153,41830,1165,42995
10.31.19 0:00,548,725,10650,767,429,1094,178,5,183,266247,42008,1170,43179
11.01.19 00:00,526,708,10404,751,441,1547,240,7,247,267794,42248,1177,43426
11.02.19 00:00,563,737,10834,779,423,839,130,4,134,268632,42379,1181,43560
11.03.19 00:00,534,714,10488,757,436,1364,212,6,218,269996,42591,1187,43778
11.04.19 00:00,527,708,10403,751,439,1535,238,7,245,271531,42829,1194,44024
11.05.19 00:00,526,707,10393,750,439,1547,240,7,247,273077,43070,1201,44271
11.06.19 00:00,526,707,10387,750,438,1547,240,7,247,274624,43310,1208,44518
11.07.19 00:00,525,706,10382,750,440,1559,242,7,249,276183,43552,1215,44767
11.08.19 00:00,525,706,10379,749,440,1559,242,7,249,277741,43794,1222,45017
11.09.19 00:00,525,706,10376,749,439,1559,242,7,249,279300,44037,1229,45266
11.10.19 00:00,525,706,10372,749,438,1559,242,7,249,280858,44279,1236,45515
11.11.19 00:00,524,706,10370,749,440,1571,244,7,251,282429,44523,1244,45766
11.12.19 00:00,524,705,10368,749,440,1571,244,7,251,283999,44767,1251,46018
11.13.19 0:00,524,705,10366,749,440,1571,244,7,251,285570,45011,1258,46269
11.14.19 0:00,524,705,10365,748,440,1571,244,7,251,287141,45255,1265,46520
11.15.19 0:00,524,705,10362,748,439,1571,244,7,251,288711,45499,1272,46771
11.16.19 0:00,524,705,10359,748,439,1571,244,7,251,290282,45743,1279,47022
11.17.19 0:00,524,705,10357,748,440,1571,244,7,251,291852,45987,1286,47273
11.18.19 0:00,523,705,10356,748,441,1583,246,7,253,293435,46233,1293,47526
11.19.19 0:00,523,705,10354,748,440,1516,236,7,242,294951,46469,1300,47769
11.20.19 0:00,523,704,10353,748,440,1405,218,6,225,296356,46687,1306,47994
11.21.19 0:00,523,704,10350,748,440,1405,218,6,225,297761,46906,1313,48218
11.22.19 0:00,523,704,10349,747,439,1583,246,7,253,299344,47152,1320,48471
11.23.19 0:00,537,715,10503,757,430,1414,220,6,226,300758,47371,1326,48698
11.24.19 0:00,555,728,10704,770,420,1168,181,5,187,301926,47553,1332,48884
11.25.19 0:00,543,720,10576,762,429,1332,207,6,213,303259,47760,1338,49097
11.26.19 0:00,541,718,10545,760,429,1360,211,6,217,304618,47971,1344,49315
11.27.19 0:00,543,720,10579,762,429,1332,207,6,213,305950,48178,1350,49528
11.28.19 0:00,543,720,10579,762,429,1332,207,6,213,307283,48385,1356,49741
11.29.19 0:00,543,720,10579,762,428,1332,207,6,213,308615,48592,1362,49954
11.30.19 0:00,544,720,10579,762,426,1319,205,6,211,309933,48797,1368,50165
12.01.19 00:00,544,720,10577,762,426,1281,206,6,212,311215,49003,1374,50377
12.02.19 00:00,544,720,10577,762,426,1281,206,6,212,312496,49209,1380,50589
12.03.19 00:00,544,720,10576,762,426,1281,206,6,212,313777,49416,1386,50801
12.04.19 00:00,544,720,10575,762,427,1281,206,6,212,315058,49622,1392,51013
12.05.19 00:00,543,720,10574,762,428,1301,209,6,215,316359,49831,1398,51229
12.06.19 00:00,546,722,10607,764,426,1251,201,6,207,317610,50032,1404,51436
12.07.19 00:00,584,756,11104,797,417,500,81,2,83,318111,50113,1406,51519
12.08.19 00:00,603,772,11347,812,410,0,0,0,0,318111,50113,1406,51519
12.09.19 00:00,561,738,10849,780,429,710,114,3,118,318820,50227,1409,51636
12.10.19 00:00,541,719,10560,761,431,1331,214,6,220,320151,50441,1415,51857
12.11.19 00:00,543,720,10581,762,429,1301,209,6,215,321453,50651,1422,52072
12.12.19 00:00,543,719,10573,762,428,1301,209,6,215,322754,50860,1428,52288
12.13.19 0:00,543,719,10568,761,427,1301,209,6,215,324055,51069,1434,52503
12.14.19 0:00,542,719,10563,761,428,1321,213,6,219,325376,51282,1440,52722
12.15.19 0:00,542,719,10560,761,428,1321,213,6,219,326697,51495,1446,52941
12.16.19 0:00,542,718,10557,760,428,1321,213,6,219,328018,51707,1452,53159
12.17.19 0:00,542,718,10554,760,427,1321,213,6,219,329339,51920,1458,53378
12.18.19 0:00,542,718,10552,760,427,1321,213,6,219,330661,52132,1465,53597
12.19.19 0:00,541,718,10550,760,429,1331,214,6,220,331992,52347,1471,53817
12.20.19 0:00,541,718,10547,760,429,1331,214,6,220,333323,52561,1477,54038
12.21.19 0:00,541,718,10545,760,428,1331,214,6,220,334654,52775,1483,54258
12.22.19 0:00,541,717,10543,759,428,1331,214,6,220,335985,52989,1489,54479
12.23.19 0:00,541,717,10541,759,427,1331,214,6,220,337316,53203,1496,54699
12.24.19 0:00,541,717,10539,759,427,1331,214,6,220,338648,53418,1502,54920
12.25.19 0:00,541,717,10537,759,427,1331,214,6,220,339979,53632,1508,55140
12.26.19 0:00,541,717,10535,759,427,1331,214,6,220,341310,53846,1514,55360
12.27.19 0:00,540,717,10533,759,428,1351,217,6,224,342661,54063,1521,55584
12.28.19 0:00,540,717,10532,759,428,1351,217,6,224,344012,54281,1527,55808
12.29.19 0:00,540,716,10530,759,428,1351,217,6,224,345364,54498,1533,56032
12.30.19 0:00,540,716,10528,758,428,1351,217,6,224,346715,54716,1540,56255
12.31.19 0:00,542,717,10544,759,426,1321,213,6,219,348036,54928,1546,56474
01.01.20 00:00,543,718,10558,760,425,1262,190,5,195,349298,55118,1551,56669
01.02.20 00:00,543,718,10558,760,425,1262,190,5,195,350560,55308,1556,56864
01.03.20 00:00,543,718,10557,760,425,1262,190,5,195,351822,55498,1561,57058
01.04.20 00:00,543,718,10555,760,425,1262,190,5,195,353084,55687,1566,57253
01.05.20 00:00,542,718,10554,760,426,1277,192,5,197,354361,55880,1571,57450
01.06.20 00:00,542,718,10553,760,427,1277,192,5,197,355639,56072,1576,57647
01.07.20 00:00,542,718,10552,760,427,1277,192,5,197,356916,56264,1581,57844
01.08.20 00:00,538,715,10511,757,429,1339,201,5,207,358255,56465,1586,58051
01.09.20 00:00,534,712,10461,754,431,1406,211,6,217,359662,56677,1591,58268
01.10.20 00:00,536,714,10486,756,430,1370,206,5,211,361032,56883,1597,58480
01.11.20 00:00,540,716,10527,758,428,1308,197,5,202,362340,57080,1602,58681
01.12.20 00:00,540,716,10528,758,428,1271,191,5,196,363611,57271,1607,58878
1.13.20 0:00,544,719,10567,761,426,1246,187,5,192,364858,57458,1612,59070
1.14.20 0:00,547,721,10597,763,423,1200,180,5,185,366058,57639,1617,59255
1.15.20 0:00,547,721,10597,763,422,1200,180,5,185,367258,57819,1621,59440
1.16.20 0:00,547,721,10597,763,422,1200,180,5,185,368458,58000,1626,59625
1.17.20 0:00,548,723,10624,765,423,1185,178,5,183,369643,58178,1631,59808
1.18.20 0:00,559,731,10743,772,417,1009,152,4,156,370652,58330,1635,59964
1.19.20 0:00,573,743,10923,784,413,764,115,3,118,371416,58444,1638,60082
1.20.20 0:00,543,720,10582,762,431,1262,190,5,195,372678,58634,1642,60277
1.21.20 0:00,540,716,10528,758,428,1308,197,5,202,373986,58831,1648,60479
1.22.20 0:00,540,716,10521,758,427,1308,197,5,202,375294,59028,1653,60680
1.23.20 0:00,539,716,10515,758,427,1324,199,5,204,376618,59227,1658,60885
1.24.20 0:00,534,712,10459,754,431,1401,211,5,216,378019,59437,1663,61101
1.25.20 0:00,527,706,10377,749,436,1509,227,6,233,379529,59664,1669,61334
1.26.20 0:00,526,705,10368,748,435,1524,229,6,235,381053,59894,1675,61569
1.27.20 0:00,526,705,10362,748,434,1524,229,6,235,382577,60123,1681,61804
1.28.20 0:00,526,705,10357,747,434,1524,229,6,235,384101,60352,1687,62039
1.29.20 0:00,525,705,10354,747,435,1538,231,6,237,385639,60583,1693,62277
1.30.20 0:00,529,707,10397,750,432,1479,222,6,228,387118,60806,1699,62505
1.31.20 0:00,533,710,10434,752,430,1417,213,6,219,388534,61019,1705,62724
02.01.20 00:00,535,712,10466,754,430,1279,200,5,205,389813,61219,1710,62929
02.02.20 00:00,533,711,10447,753,431,1307,204,5,210,391120,61423,1715,63139
02.03.20 00:00,526,706,10371,748,435,1403,220,6,225,392524,61643,1721,63364
02.04.20 00:00,524,704,10342,747,436,1428,223,6,229,393952,61866,1727,63593
02.05.20 00:00,523,703,10328,746,436,1441,225,6,231,395393,62092,1733,63824
02.06.20 00:00,522,702,10315,745,436,1453,227,6,233,396846,62319,1739,64058
02.07.20 00:00,522,702,10311,744,436,1453,227,6,233,398300,62546,1745,64291
02.08.20 00:00,522,701,10307,744,436,1453,227,6,233,399753,62774,1751,64524
02.09.20 00:00,526,704,10351,747,434,1403,220,6,225,401156,62993,1756,64749
02.10.20 00:00,527,706,10368,748,433,1391,218,6,223,402547,63211,1762,64973
02.11.20 00:00,527,705,10367,748,433,1391,218,6,223,403938,63428,1768,65196
02.12.20 00:00,527,705,10365,748,432,1391,218,6,223,405329,63646,1773,65419
2.13.20 0:00,533,709,10425,752,429,1307,204,5,210,406636,63850,1779,65629
2.14.20 0:00,526,705,10355,747,433,1403,220,6,225,408040,64070,1784,65854
2.15.20 0:00,523,702,10319,745,434,1441,225,6,231,409481,64295,1790,66086
2.16.20 0:00,523,702,10319,745,434,1441,225,6,231,410922,64521,1796,66317
2.17.20 0:00,523,702,10319,745,434,1441,225,6,231,412362,64746,1802,66548
2.18.20 0:00,523,702,10317,745,434,1441,225,6,231,413803,64971,1808,66779
2.19.20 0:00,523,702,10315,745,434,1441,225,6,231,415244,65197,1814,67011
2.20.20 0:00,529,706,10377,748,430,1364,213,6,219,416608,65410,1819,67229
2.21.20 0:00,523,702,10312,744,434,1441,225,6,231,418048,65636,1825,67461
2.22.20 0:00,522,701,10308,744,435,1453,227,6,233,419502,65863,1831,67694
2.23.20 0:00,522,701,10305,744,435,1453,227,6,233,420955,66090,1837,67927
2.24.20 0:00,522,701,10303,744,434,1453,227,6,233,422408,66318,1843,68161
2.25.20 0:00,522,701,10301,744,434,1453,227,6,233,423861,66545,1849,68394
2.26.20 0:00,523,701,10304,744,433,1441,225,6,231,425302,66770,1855,68625
2.27.20 0:00,523,701,10306,744,433,1441,225,6,231,426743,66996,1861,68856
2.28.20 0:00,522,701,10305,744,435,1453,227,6,233,428196,67223,1867,69090
2.29.20 0:00,522,701,10303,744,434,1453,227,6,233,429650,67450,1873,69323
03.01.20 00:00,522,701,10302,744,434,1443,229,6,235,431092,67679,1879,69558
03.02.20 00:00,522,701,10300,743,434,1443,229,6,235,432535,67908,1884,69792
03.03.20 00:00,522,701,10299,743,434,1443,229,6,235,433978,68136,1890,70027
03.04.20 00:00,522,701,10297,743,433,1443,229,6,235,435420,68365,1896,70262
03.05.20 00:00,522,701,10295,743,433,1443,229,6,235,436863,68594,1902,70496
03.06.20 00:00,522,700,10294,743,433,1443,229,6,235,438306,68823,1908,70731
03.07.20 00:00,522,700,10292,743,432,1443,229,6,235,439748,69051,1914,70966
03.08.20 00:00,522,700,10290,743,432,1443,229,6,235,441191,69280,1920,71200
03.09.20 00:00,522,700,10289,743,432,1443,229,6,235,442634,69509,1926,71435
03.10.20 00:00,521,700,10287,743,434,1443,229,6,235,444076,69738,1932,71670
03.11.20 00:00,521,700,10285,743,434,1443,229,6,235,445519,69966,1938,71904
03.12.20 00:00,521,700,10284,742,434,1443,229,6,235,446962,70195,1944,72139
3.13.20 0:00,521,700,10282,742,433,1443,229,6,235,448404,70424,1950,72374
3.14.20 0:00,521,700,10281,742,433,1443,229,6,235,449847,70652,1956,72609
3.15.20 0:00,521,699,10279,742,433,1443,229,6,235,451290,70881,1962,72843
3.16.20 0:00,521,699,10278,742,433,1443,229,6,235,452732,71110,1968,73078
3.17.20 0:00,521,699,10276,742,432,1443,229,6,235,454175,71339,1974,73313
3.18.20 0:00,521,699,10275,742,432,1443,229,6,235,455618,71567,1980,73547
3.19.20 0:00,520,699,10273,742,434,1443,229,6,235,457060,71796,1986,73782
3.20.20 0:00,520,699,10271,742,434,1443,229,6,235,458503,72025,1992,74017
3.21.20 0:00,520,699,10270,741,434,1443,229,6,235,459946,72254,1998,74251
3.22.20 0:00,520,699,10268,741,433,1443,229,6,235,461388,72482,2004,74486
3.23.20 0:00,520,699,10267,741,433,1443,229,6,235,462831,72711,2010,74721
3.24.20 0:00,520,698,10265,741,433,1443,229,6,235,464274,72940,2016,74955
3.25.20 0:00,520,698,10264,741,433,1443,229,6,235,465716,73168,2022,75190
3.26.20 0:00,520,698,10262,741,432,1443,229,6,235,467159,73397,2028,75425
3.27.20 0:00,520,698,10257,740,432,1443,229,6,235,468602,73626,2034,75660
3.28.20 0:00,519,697,10249,740,433,1443,229,6,235,470044,73855,2040,75894
3.29.20 0:00,519,697,10247,740,432,1443,229,6,235,471487,74083,2046,76129
3.30.20 0:00,518,697,10245,740,433,1443,229,6,235,472930,74312,2052,76364
3.31.20 0:00,518,697,10244,740,434,1443,229,6,235,474372,74541,2058,76598
04.01.20 00:00,518,697,10242,740,434,1472,229,6,235,475844,74770,2064,76833
04.02.20 00:00,518,697,10240,739,434,1472,229,6,235,477316,74999,2070,77068
04.03.20 00:00,518,697,10239,739,433,1472,229,6,235,478788,75228,2075,77303
04.04.20 00:00,518,697,10237,739,433,1472,229,6,235,480260,75457,2081,77538
04.05.20 00:00,518,697,10236,739,433,1472,229,6,235,481732,75686,2087,77773
04.06.20 00:00,518,696,10234,739,433,1472,229,6,235,483205,75914,2093,78008
04.07.20 00:00,518,696,10232,739,432,1472,229,6,235,484677,76143,2099,78243
04.08.20 00:00,518,696,10230,739,433,1472,229,6,235,486149,76372,2105,78478
04.09.20 00:00,517,696,10228,739,434,1472,229,6,235,487621,76601,2111,78713
04.10.20 00:00,517,696,10227,739,434,1472,229,6,235,489093,76830,2117,78948
04.11.20 00:00,517,696,10225,738,434,1472,229,6,235,490565,77059,2123,79183
04.12.20 00:00,517,696,10224,738,433,1472,229,6,235,492037,77288,2129,79418
4.13.20 0:00,517,696,10223,738,433,1472,229,6,235,493509,77517,2135,79652
4.14.20 0:00,517,695,10220,738,433,1472,229,6,235,494981,77746,2141,79887
4.15.20 0:00,517,695,10219,738,432,1472,229,6,235,496453,77975,2147,80122
4.16.20 0:00,517,695,10217,738,433,1472,229,6,235,497925,78204,2153,80357
4.17.20 0:00,516,695,10215,738,434,1472,229,6,235,499397,78433,2159,80592
4.18.20 0:00,516,695,10214,738,434,1472,229,6,235,500869,78662,2165,80827
4.19.20 0:00,516,695,10213,738,434,1472,229,6,235,502341,78891,2171,81062
4.20.20 0:00,516,695,10215,738,433,1472,229,6,235,503813,79120,2177,81297
4.21.20 0:00,517,695,10219,738,433,1472,229,6,235,505285,79349,2183,81532
4.22.20 0:00,517,695,10218,738,432,1472,229,6,235,506757,79578,2189,81767
4.23.20 0:00,517,695,10216,738,432,1472,229,6,235,508230,79807,2195,82002
4.24.20 0:00,519,697,10236,739,431,1423,221,6,227,509652,80028,2201,82229
4.25.20 0:00,524,701,10297,743,427,1373,214,6,219,511026,80242,2206,82448
4.26.20 0:00,517,695,10219,738,432,1472,229,6,235,512498,80471,2212,82683
4.27.20 0:00,517,695,10213,737,432,1472,229,6,235,513970,80700,2218,82918
4.28.20 0:00,517,695,10211,737,431,1472,229,6,235,515442,80929,2224,83153
4.29.20 0:00,517,695,10209,737,431,1472,229,6,235,516914,81158,2230,83388
4.30.20 0:00,517,695,10207,737,431,1472,229,6,235,518386,81386,2236,83623
05.01.20 00:00,517,694,10205,737,430,1431,225,7,232,519818,81612,2243,83855
05.02.20 00:00,517,694,10204,737,431,1431,225,7,232,521249,81837,2250,84087
05.03.20 00:00,516,694,10202,737,432,1431,225,7,232,522681,82062,2257,84319
05.04.20 00:00,516,694,10200,737,432,1431,225,7,232,524112,82288,2263,84551
05.05.20 00:00,516,694,10199,736,432,1431,225,7,232,525543,82513,2270,84783
05.06.20 00:00,516,694,10197,736,431,1431,225,7,232,526975,82738,2277,85015
05.07.20 00:00,516,694,10195,736,431,1431,225,7,232,528406,82964,2284,85248
05.08.20 00:00,516,694,10194,736,431,1431,225,7,232,529838,83189,2291,85480
05.09.20 00:00,516,694,10192,736,431,1431,225,7,232,531269,83414,2297,85712
05.10.20 00:00,516,693,10191,736,431,1431,225,7,232,532701,83640,2304,85944
05.11.20 00:00,516,693,10189,736,431,1431,225,7,232,534132,83865,2311,86176
05.12.20 00:00,516,693,10188,736,431,1431,225,7,232,535564,84090,2318,86408
5.13.20 0:00,515,693,10186,736,432,1431,225,7,232,536995,84316,2325,86640
5.14.20 0:00,515,693,10185,735,432,1431,225,7,232,538427,84541,2332,86872
5.15.20 0:00,515,693,10183,735,431,1431,225,7,232,539858,84766,2338,87105
5.16.20 0:00,515,693,10181,735,431,1431,225,7,232,541289,84992,2345,87337
5.17.20 0:00,515,693,10179,735,431,1431,225,7,232,542721,85217,2352,87569
5.18.20 0:00,515,693,10178,735,431,1431,225,7,232,544152,85442,2359,87801
5.19.20 0:00,515,692,10177,735,430,1431,225,7,232,545584,85668,2366,88033
5.20.20 0:00,515,692,10175,735,430,1431,225,7,232,547015,85893,2372,88265
5.21.20 0:00,515,692,10173,735,430,1431,225,7,232,548447,86118,2379,88497
5.22.20 0:00,515,692,10172,734,430,1431,225,7,232,549878,86343,2386,88729
5.23.20 0:00,515,692,10170,734,429,1431,225,7,232,551310,86569,2393,88962
5.24.20 0:00,514,692,10168,734,431,1431,225,7,232,552741,86794,2400,89194
5.25.20 0:00,514,692,10167,734,431,1431,225,7,232,554172,87019,2406,89426
5.26.20 0:00,514,692,10165,734,431,1431,225,7,232,555604,87245,2413,89658
5.27.20 0:00,514,692,10164,734,431,1431,225,7,232,557035,87470,2420,89890
5.28.20 0:00,514,692,10162,734,430,1431,225,7,232,558467,87695,2427,90122
5.29.20 0:00,513,691,10156,733,431,1431,225,7,232,559898,87921,2434,90354
5.30.20 0:00,513,691,10152,733,431,1431,225,7,232,561330,88146,2440,90586
5.31.20 0:00,513,691,10149,733,431,1431,225,7,232,562761,88371,2447,90819
06.01.20 00:00,513,691,10148,733,431,1435,224,7,231,564196,88595,2454,91049
06.02.20 00:00,513,690,10146,733,430,1435,224,7,231,565630,88819,2461,91280
06.03.20 00:00,518,694,10203,736,427,1365,213,6,219,566995,89032,2467,91499
06.04.20 00:00,513,690,10146,733,430,1435,224,7,231,568429,89256,2474,91730
06.05.20 00:00,512,690,10143,733,431,1435,224,7,231,569864,89480,2481,91960
06.06.20 00:00,512,690,10141,732,432,1435,224,7,231,571298,89703,2487,92191
06.07.20 00:00,512,690,10139,732,431,1435,224,7,231,572733,89927,2494,92422
06.08.20 00:00,513,690,10144,733,430,1435,224,7,231,574167,90151,2501,92652
06.09.20 00:00,513,690,10147,733,430,1435,224,7,231,575602,90375,2508,92883
06.10.20 00:00,513,690,10142,732,430,1435,224,7,231,577036,90599,2515,93113
06.11.20 00:00,513,690,10140,732,429,1435,224,7,231,578471,90823,2521,93344
06.12.20 00:00,513,690,10139,732,429,1435,224,7,231,579905,91046,2528,93575
6.13.20 0:00,513,690,10137,732,429,1435,224,7,231,581340,91270,2535,93805
6.14.20 0:00,512,690,10135,732,430,1435,224,7,231,582774,91494,2542,94036
6.15.20 0:00,512,690,10134,732,431,1435,224,7,231,584209,91718,2548,94266
6.16.20 0:00,512,689,10132,732,430,1435,224,7,231,585643,91942,2555,94497
6.17.20 0:00,512,689,10131,732,430,1435,224,7,231,587078,92166,2562,94727
6.18.20 0:00,512,689,10129,732,430,1435,224,7,231,588512,92389,2569,94958
6.19.20 0:00,512,689,10128,731,430,1435,224,7,231,589947,92613,2575,95189
6.20.20 0:00,512,689,10126,731,429,1435,224,7,231,591381,92837,2582,95419
6.21.20 0:00,512,689,10125,731,429,1435,224,7,231,592816,93061,2589,95650
6.22.20 0:00,512,689,10124,731,429,1435,224,7,231,594250,93285,2596,95880
6.23.20 0:00,512,689,10122,731,429,1435,224,7,231,595685,93509,2602,96111
6.24.20 0:00,512,689,10120,731,428,1435,224,7,231,597120,93732,2609,96342
6.25.20 0:00,512,689,10119,731,428,1435,224,7,231,598554,93956,2616,96572
6.26.20 0:00,511,688,10117,731,430,1435,224,7,231,599989,94180,2623,96803
6.27.20 0:00,511,688,10116,731,430,1435,224,7,231,601423,94404,2629,97033
6.28.20 0:00,511,688,10111,730,430,1435,224,7,231,602858,94628,2636,97264
6.29.20 0:00,511,688,10110,730,430,1435,224,7,231,604292,94852,2643,97495
6.30.20 0:00,511,688,10111,730,429,1435,224,7,231,605727,95075,2650,97725
07.01.20 00:00,511,688,10110,730,429,1448,219,7,225,607174,95294,2656,97950
07.02.20 00:00,511,688,10109,730,429,1448,219,7,225,608622,95513,2663,98176
07.03.20 00:00,511,688,10107,730,429,1448,219,7,225,610070,95731,2670,98401
07.04.20 00:00,511,688,10105,730,428,1448,219,7,225,611518,95950,2676,98626
07.05.20 00:00,511,688,10104,730,428,1448,219,7,225,612966,96169,2683,98851
07.06.20 00:00,511,687,10103,730,428,1448,219,7,225,614413,96387,2689,99077
07.07.20 00:00,510,687,10101,730,429,1448,219,7,225,615861,96606,2696,99302
07.08.20 00:00,515,691,10150,733,426,1430,216,7,222,617291,96822,2703,99524
07.09.20 00:00,511,688,10104,730,428,1448,219,7,225,618739,97041,2709,99750
07.10.20 00:00,510,687,10101,730,429,1448,219,7,225,620187,97259,2716,99975
07.11.20 00:00,510,687,10099,729,430,1448,219,7,225,621635,97478,2722,100200
07.12.20 00:00,510,687,10098,729,429,1448,219,7,225,623083,97696,2729,100425
7.13.20 0:00,509,687,10091,729,430,1448,219,7,225,624530,97915,2736,100651
7.14.20 0:00,509,686,10083,728,430,1448,219,7,225,625978,98134,2742,100876
7.15.20 0:00,509,686,10081,728,429,1448,219,7,225,627426,98352,2749,101101
7.16.20 0:00,509,686,10079,728,429,1448,219,7,225,628874,98571,2755,101326
7.17.20 0:00,509,686,10075,728,429,1448,219,7,225,630322,98790,2762,101551
7.18.20 0:00,508,685,10065,727,429,1448,219,7,225,631769,99008,2769,101777
7.19.20 0:00,508,685,10063,727,429,1448,219,7,225,633217,99227,2775,102002
7.20.20 0:00,508,685,10061,727,428,1448,219,7,225,634665,99445,2782,102227
7.21.20 0:00,508,684,10059,727,428,1448,219,7,225,636113,99664,2788,102452
7.22.20 0:00,507,684,10058,727,429,1448,219,7,225,637561,99883,2795,102678
7.23.20 0:00,507,684,10056,727,430,1448,219,7,225,639009,100101,2802,102903
7.24.20 0:00,507,684,10054,726,430,1448,219,7,225,640456,100320,2808,103128
7.25.20 0:00,507,684,10052,726,429,1448,219,7,225,641904,100539,2815,103353
7.26.20 0:00,507,684,10051,726,429,1448,219,7,225,643352,100757,2821,103579
7.27.20 0:00,534,704,10349,745,413,1100,166,5,171,644452,100923,2826,103750
7.28.20 0:00,555,722,10610,762,405,685,103,3,107,645137,101027,2830,103856
7.29.20 0:00,550,720,10577,760,412,612,92,3,95,645749,101119,2832,103952
7.30.20 0:00,506,685,10061,727,432,1456,220,7,227,647205,101339,2839,104178
7.31.20 0:00,501,680,9998,723,434,1520,230,7,236,648726,101569,2846,104415
08.01.20 00:00,501,679,9986,722,433,1486,230,7,237,650212,101799,2853,104652
08.02.20 00:00,500,679,9978,722,434,1486,230,7,237,651697,102029,2860,104889
08.03.20 00:00,500,679,9972,721,433,1486,230,7,237,653183,102259,2867,105126
08.04.20 00:00,501,679,9981,722,431,1486,230,7,237,654669,102490,2874,105363
08.05.20 00:00,505,682,10024,724,429,1486,230,7,237,656155,102720,2881,105600
08.06.20 00:00,505,682,10024,724,429,1486,230,7,237,657641,102950,2888,105838
08.07.20 00:00,505,682,10022,724,429,1486,230,7,237,659127,103180,2895,106075
08.08.20 00:00,505,682,10021,724,429,1486,230,7,237,660613,103410,2902,106312
08.09.20 00:00,505,682,10019,724,429,1486,230,7,237,662098,103641,2908,106549
08.10.20 00:00,505,682,10017,724,428,1486,230,7,237,663584,103871,2915,106786
08.11.20 00:00,504,682,10016,724,430,1486,230,7,237,665070,104101,2922,107024
08.12.20 00:00,504,681,10014,724,430,1486,230,7,237,666556,104331,2929,107261
8.13.20 0:00,504,681,10012,724,430,1486,230,7,237,668042,104562,2936,107498
8.14.20 0:00,504,681,10010,723,430,1486,230,7,237,669528,104792,2943,107735
8.15.20 0:00,504,681,10008,723,429,1486,230,7,237,671014,105022,2950,107972
8.16.20 0:00,504,681,10006,723,429,1486,230,7,237,672499,105252,2957,108209
8.17.20 0:00,504,681,10005,723,429,1486,230,7,237,673985,105482,2964,108447
8.18.20 0:00,504,681,10003,723,428,1486,230,7,237,675471,105713,2971,108684
8.19.20 0:00,504,681,10001,723,428,1486,230,7,237,676957,105943,2978,108921
8.20.20 0:00,504,680,9999,722,428,1486,230,7,237,678443,106173,2985,109158
8.21.20 0:00,503,680,9997,722,429,1486,230,7,237,679929,106403,2992,109395
8.22.20 0:00,503,680,9995,722,430,1486,230,7,237,681415,106634,2999,109632
8.23.20 0:00,503,680,9994,722,429,1486,230,7,237,682900,106864,3006,109870
8.24.20 0:00,503,680,9992,722,429,1486,230,7,237,684386,107094,3013,110107
8.25.20 0:00,503,680,9990,722,429,1486,230,7,237,685872,107324,3020,110344
8.26.20 0:00,503,680,9988,722,428,1486,230,7,237,687358,107554,3027,110581
8.27.20 0:00,503,680,9987,722,428,1486,230,7,237,688844,107785,3034,110818
8.28.20 0:00,503,679,9985,722,428,1486,230,7,237,690330,108015,3041,111055
8.29.20 0:00,503,679,9984,721,428,1486,230,7,237,691816,108245,3048,111293
8.30.20 0:00,503,679,9982,721,427,1486,230,7,237,693301,108475,3055,111530
8.31.20 0:00,502,679,9981,721,429,1486,230,7,237,694787,108705,3061,111767
09.01.20 00:00,502,679,9979,721,429,1448,221,4,225,696235,108926,3066,111992
09.02.20 00:00,502,679,9977,721,429,1448,221,4,225,697682,109147,3070,112216
09.03.20 00:00,502,679,9975,721,429,1448,221,4,225,699130,109368,3074,112441
09.04.20 00:00,508,683,10034,725,425,1448,221,4,225,700578,109588,3078,112666
09.05.20 00:00,502,679,9976,721,429,1448,221,4,225,702025,109809,3082,112891
09.06.20 00:00,502,679,9972,721,428,1448,221,4,225,703473,110030,3086,113115
09.07.20 00:00,502,678,9970,721,428,1448,221,4,225,704921,110250,3090,113340
09.08.20 00:00,502,678,9968,720,428,1448,221,4,225,706368,110471,3094,113565
09.09.20 00:00,502,678,9966,720,427,1448,221,4,225,707816,110692,3098,113790
09.10.20 00:00,502,678,9964,720,427,1448,221,4,225,709263,110913,3102,114014
09.11.20 00:00,501,678,9963,720,429,1448,221,4,225,710711,111133,3106,114239
09.12.20 00:00,501,678,9961,720,429,1448,221,4,225,712159,111354,3110,114464
9.13.20 0:00,501,678,9959,720,428,1448,221,4,225,713606,111575,3114,114689
9.14.20 0:00,501,678,9958,720,428,1448,221,4,225,715054,111795,3118,114913
9.15.20 0:00,502,678,9964,720,428,1448,221,4,225,716501,112016,3122,115138
9.16.20 0:00,502,678,9967,720,427,1448,221,4,225,717949,112237,3126,115363
9.17.20 0:00,502,678,9966,720,427,1448,221,4,225,719397,112457,3130,115588
9.18.20 0:00,502,678,9961,720,428,1448,221,4,225,720844,112678,3134,115812
9.19.20 0:00,501,678,9957,720,428,1448,221,4,225,722292,112899,3138,116037
9.20.20 0:00,501,677,9955,719,428,1448,221,4,225,723740,113120,3142,116262
9.21.20 0:00,501,677,9954,719,428,1448,221,4,225,725187,113340,3146,116487
9.22.20 0:00,501,677,9952,719,427,1448,221,4,225,726635,113561,3150,116711
9.23.20 0:00,501,677,9950,719,427,1448,221,4,225,728082,113782,3155,116936
9.24.20 0:00,501,677,9949,719,427,1448,221,4,225,729530,114002,3159,117161
9.25.20 0:00,501,677,9947,719,426,1448,221,4,225,730978,114223,3163,117386
9.26.20 0:00,501,677,9945,719,426,1448,221,4,225,732425,114444,3167,117610
9.27.20 0:00,501,677,9944,719,427,1448,221,4,225,733873,114664,3171,117835
9.28.20 0:00,500,677,9942,719,428,1448,221,4,225,735320,114885,3175,118060
9.29.20 0:00,500,676,9941,718,428,1448,221,4,225,736768,115106,3179,118285
9.30.20 0:00,500,676,9939,718,428,1448,221,4,225,738216,115327,3183,118509
10.01.20 00:00,500,676,9938,718,427,1432,220,4,224,739648,115546,3187,118733
10.02.20 00:00,500,676,9936,718,427,1432,220,4,224,741081,115766,3191,118957
10.03.20 00:00,500,676,9934,718,427,1432,220,4,224,742513,115985,3195,119180
10.04.20 00:00,500,676,9933,718,427,1432,220,4,224,743945,116205,3199,119404
10.05.20 00:00,500,676,9931,718,426,1432,220,4,224,745378,116424,3203,119627
10.06.20 00:00,500,676,9930,718,426,1432,220,4,224,746810,116644,3207,119851
10.07.20 00:00,505,680,9986,721,424,1432,220,4,224,748243,116863,3211,120074
10.08.20 00:00,500,676,9931,718,426,1432,220,4,224,749675,117083,3215,120298
10.09.20 00:00,499,675,9927,717,427,1432,220,4,224,751108,117302,3219,120521
10.10.20 00:00,499,675,9925,717,428,1432,220,4,224,752540,117522,3223,120745
10.11.20 00:00,499,675,9923,717,427,1432,220,4,224,753973,117741,3227,120968
10.12.20 00:00,499,675,9921,717,427,1432,220,4,224,755405,117961,3231,121192
10.13.20 0:00,499,675,9919,717,427,1432,220,4,224,756837,118180,3235,121415
10.14.20 0:00,499,675,9918,717,426,1432,220,4,224,758270,118400,3239,121639
10.15.20 0:00,499,675,9916,717,426,1432,220,4,224,759702,118619,3243,121863
10.16.20 0:00,499,675,9915,717,426,1432,220,4,224,761135,118839,3247,122086
10.17.20 0:00,498,675,9913,717,428,1432,220,4,224,762567,119058,3251,122310
10.18.20 0:00,499,675,9920,717,426,1432,220,4,224,764000,119278,3255,122533
10.19.20 0:00,499,675,9916,717,425,1432,220,4,224,765432,119497,3259,122757
10.20.20 0:00,498,674,9909,716,427,1432,220,4,224,766865,119717,3263,122980
10.21.20 0:00,498,674,9908,716,427,1432,220,4,224,768297,119936,3267,123204
10.22.20 0:00,498,674,9906,716,427,1432,220,4,224,769729,120156,3271,123427
10.23.20 0:00,498,674,9905,716,427,1432,220,4,224,771162,120375,3275,123651
10.24.20 0:00,498,674,9903,716,426,1432,220,4,224,772594,120595,3279,123874
10.25.20 0:00,498,674,9901,716,426,1432,220,4,224,774027,120814,3283,124098
10.26.20 0:00,498,674,9899,715,426,1432,220,4,224,775459,121034,3287,124321
10.27.20 0:00,498,673,9898,715,426,1432,220,4,224,776892,121254,3292,124545
10.28.20 0:00,498,673,9896,715,425,1432,220,4,224,778324,121473,3296,124769
10.29.20 0:00,498,673,9895,715,425,1432,220,4,224,779757,121693,3300,124992
10.30.20 0:00,497,673,9893,715,426,1432,220,4,224,781189,121912,3304,125216
10.31.20 0:00,497,673,9892,715,427,1432,220,4,224,782621,122132,3308,125439
11.01.20 00:00,497,673,9890,715,427,1448,221,6,227,784070,122353,3313,125666
11.02.20 00:00,497,673,9889,715,427,1448,221,6,227,785518,122574,3319,125893
11.03.20 00:00,497,673,9885,715,427,1448,221,6,227,786967,122795,3325,126120
11.04.20 00:00,496,672,9879,714,427,1448,221,6,227,788415,123017,3331,126348
11.05.20 00:00,501,676,9937,718,424,1448,221,6,227,789863,123238,3337,126575
11.06.20 00:00,495,671,9865,713,428,1448,221,6,227,791312,123459,3343,126802
11.07.20 00:00,493,670,9849,712,430,1448,221,6,227,792760,123680,3348,127029
11.08.20 00:00,493,670,9845,712,429,1448,221,6,227,794208,123902,3354,127256
11.09.20 00:00,493,670,9843,712,429,1448,221,6,227,795657,124123,3360,127483
11.10.20 00:00,493,670,9841,712,428,1448,221,6,227,797105,124344,3366,127710
11.11.20 00:00,493,669,9839,712,428,1448,221,6,227,798553,124565,3372,127937
11.12.20 00:00,492,669,9837,712,429,1448,221,6,227,800002,124787,3378,128164
11.13.20 0:00,492,669,9835,711,429,1448,221,6,227,801450,125008,3383,128391
11.14.20 0:00,493,669,9833,711,427,1448,221,6,227,802899,125229,3389,128618
11.15.20 0:00,493,669,9831,711,427,1448,221,6,227,804347,125451,3395,128846
11.16.20 0:00,493,669,9829,711,427,1448,221,6,227,805795,125672,3401,129073
11.17.20 0:00,492,669,9828,711,429,1448,221,6,227,807244,125893,3407,129300
11.18.20 0:00,492,669,9826,711,428,1448,221,6,227,808692,126114,3413,129527
11.19.20 0:00,492,668,9824,711,428,1448,221,6,227,810140,126336,3418,129754
11.20.20 0:00,492,668,9822,710,428,1448,221,6,227,811589,126557,3424,129981
11.21.20 0:00,492,668,9821,710,427,1448,221,6,227,813037,126778,3430,130208
11.22.20 0:00,492,668,9819,710,427,1448,221,6,227,814485,126999,3436,130435
11.23.20 0:00,492,668,9818,710,427,1448,221,6,227,815934,127221,3442,130662
11.24.20 0:00,492,668,9816,710,427,1448,221,6,227,817382,127442,3448,130889
11.25.20 0:00,492,668,9814,710,426,1448,221,6,227,818831,127663,3453,131116
11.26.20 0:00,492,668,9812,710,426,1448,221,6,227,820279,127884,3459,131344
11.27.20 0:00,491,668,9811,710,428,1448,221,6,227,821727,128106,3465,131571
11.28.20 0:00,491,667,9810,710,428,1448,221,6,227,823176,128327,3471,131798
11.29.20 0:00,491,667,9808,709,428,1448,221,6,227,824624,128548,3477,132025
11.30.20 0:00,491,667,9806,709,427,1448,221,6,227,826072,128769,3483,132252
12.01.20 00:00,491,667,9804,709,427,1437,223,6,229,827510,128992,3488,132481
12.02.20 00:00,491,667,9803,709,427,1437,223,6,229,828947,129215,3494,132709
12.03.20 00:00,491,667,9801,709,427,1437,223,6,229,830384,129438,3500,132938
12.04.20 00:00,491,667,9799,709,426,1437,223,6,229,831821,129660,3506,133166
12.05.20 00:00,491,667,9797,709,426,1437,223,6,229,833259,129883,3512,133395
12.06.20 00:00,491,667,9796,709,427,1437,223,6,229,834696,130106,3518,133624
12.07.20 00:00,490,666,9794,709,428,1437,223,6,229,836133,130329,3524,133852
12.08.20 00:00,490,666,9792,708,428,1437,223,6,229,837571,130551,3529,134081
12.09.20 00:00,490,666,9790,708,427,1437,223,6,229,839008,130774,3535,134309
12.10.20 00:00,490,666,9788,708,427,1437,223,6,229,840445,130997,3541,134538
12.11.20 00:00,490,666,9786,708,427,1437,223,6,229,841882,131219,3547,134767
12.12.20 00:00,490,666,9785,708,426,1437,223,6,229,843320,131442,3553,134995
12.13.20 0:00,490,666,9783,708,426,1437,223,6,229,844757,131665,3559,135224
12.14.20 0:00,490,666,9781,707,426,1437,223,6,229,846194,131888,3565,135452
12.15.20 0:00,489,665,9780,708,428,1437,223,6,229,847631,132110,3571,135681
12.16.20 0:00,489,665,9778,707,428,1437,223,6,229,849069,132333,3576,135910
12.17.20 0:00,489,665,9776,707,427,1437,223,6,229,850506,132556,3582,136138
12.18.20 0:00,489,665,9775,707,427,1437,223,6,229,851943,132779,3588,136367
12.19.20 0:00,503,676,9929,717,418,1437,223,6,229,853381,133001,3594,136595
12.20.20 0:00,489,665,9773,707,427,1437,223,6,229,854818,133224,3600,136824
12.21.20 0:00,488,665,9766,707,427,1437,223,6,229,856255,133447,3606,137053
12.22.20 0:00,488,664,9763,706,428,1437,223,6,229,857692,133670,3612,137281
12.23.20 0:00,488,664,9760,706,427,1437,223,6,229,859130,133892,3618,137510
12.24.20 0:00,488,664,9758,706,427,1437,223,6,229,860567,134115,3623,137738
12.25.20 0:00,488,664,9756,706,427,1437,223,6,229,862004,134338,3629,137967
12.26.20 0:00,488,664,9755,706,426,1437,223,6,229,863441,134560,3635,138196
12.27.20 0:00,488,664,9753,706,426,1437,223,6,229,864879,134783,3641,138424
12.28.20 0:00,488,664,9751,705,426,1437,223,6,229,866316,135006,3647,138653
12.29.20 0:00,488,663,9749,705,425,1437,223,6,229,867753,135229,3653,138881
12.30.20 0:00,488,663,9747,705,426,1437,223,6,229,869191,135451,3659,139110
12.31.20 0:00,487,663,9746,705,427,1437,223,6,229,870628,135674,3664,139339
01.01.21 00:00,487,663,9744,705,427,1445,230,6,236,872073,135904,3671,139575
01.02.21 00:00,487,663,9743,705,427,1445,230,6,236,873518,136134,3677,139811
01.03.21 00:00,487,663,9741,705,426,1445,230,6,236,874963,136365,3683,140047
01.04.21 00:00,487,663,9740,705,426,1445,230,6,236,876408,136595,3689,140283
01.05.21 00:00,487,663,9738,705,426,1445,230,6,236,877852,136825,3695,140520
01.06.21 00:00,487,662,9734,704,427,1445,230,6,236,879297,137055,3701,140756
01.07.21 00:00,486,662,9731,704,427,1445,230,6,236,880742,137285,3707,140992
01.08.21 00:00,486,662,9729,704,427,1445,230,6,236,882187,137515,3713,141228
01.09.21 00:00,486,662,9727,704,427,1445,230,6,236,883632,137746,3719,141465
01.10.21 00:00,486,662,9726,704,426,1445,230,6,236,885077,137976,3725,141701
01.11.21 00:00,485,662,9725,704,428,1445,230,6,236,886522,138206,3731,141937
01.12.21 00:00,491,666,9783,707,424,1390,221,6,227,887912,138427,3737,142164
1.13.21 0:00,482,659,9688,701,429,1473,235,6,241,889385,138662,3743,142405
1.14.21 0:00,485,661,9716,703,427,1454,232,6,238,890839,138894,3749,142643
1.15.21 0:00,485,661,9715,703,427,1445,230,6,236,892284,139124,3755,142879
1.16.21 0:00,485,661,9713,703,427,1445,230,6,236,893729,139354,3761,143115
1.17.21 0:00,485,661,9712,703,426,1445,230,6,236,895174,139584,3768,143352
1.18.21 0:00,484,660,9702,702,427,1445,230,6,236,896619,139814,3774,143588
1.19.21 0:00,482,658,9674,700,428,1473,235,6,241,898092,140049,3780,143829
1.20.21 0:00,481,658,9672,700,430,1473,235,6,241,899566,140284,3786,144070
1.21.21 0:00,481,658,9669,700,429,1473,235,6,241,901039,140518,3792,144310
1.22.21 0:00,482,659,9683,701,429,1473,235,6,241,902513,140753,3798,144551
1.23.21 0:00,486,662,9723,704,426,1424,227,6,233,903937,140980,3804,144784
1.24.21 0:00,486,662,9724,704,426,1424,227,6,233,905361,141207,3810,145017
1.25.21 0:00,486,662,9723,704,426,1424,227,6,233,906786,141434,3816,145250
1.26.21 0:00,486,662,9723,703,426,1424,227,6,233,908210,141661,3822,145483
1.27.21 0:00,486,662,9722,703,426,1424,227,6,233,909634,141887,3828,145716
1.28.21 0:00,486,661,9720,703,425,1424,227,6,233,911059,142114,3834,145949
1.29.21 0:00,484,660,9703,702,426,1434,228,6,234,912493,142343,3840,146183
1.30.21 0:00,482,658,9669,700,427,1445,230,6,236,913938,142573,3846,146419
1.31.21 0:00,482,658,9667,700,427,1445,230,6,236,915383,142803,3852,146655
02.01.21 00:00,481,658,9664,700,428,1451,222,6,228,916833,143025,3858,146883
02.02.21 00:00,482,658,9669,700,428,1442,220,6,226,918275,143245,3864,147109
02.03.21 00:00,482,658,9672,700,427,1438,220,6,225,919713,143465,3870,147335
02.04.21 00:00,482,658,9671,700,427,1438,220,6,225,921150,143685,3876,147560
02.05.21 00:00,482,658,9669,700,427,1438,220,6,225,922588,143904,3881,147786
02.06.21 00:00,482,658,9667,700,426,1438,220,6,225,924026,144124,3887,148011
02.07.21 00:00,482,658,9666,700,426,1438,220,6,225,925463,144344,3893,148236
02.08.21 00:00,482,658,9664,699,426,1438,220,6,225,926901,144563,3899,148462
02.09.21 00:00,482,657,9662,699,426,1438,220,6,225,928338,144783,3905,148687
02.10.21 00:00,491,664,9761,706,421,1324,202,5,208,929662,144985,3910,148895
02.11.21 00:00,481,657,9660,699,427,1450,222,6,227,931112,145207,3916,149122
02.12.21 00:00,481,657,9655,699,427,1451,222,6,228,932563,145428,3922,149350
2.13.21 0:00,481,657,9658,699,427,1451,222,6,228,934014,145650,3927,149577
2.14.21 0:00,481,657,9659,699,427,1451,222,6,228,935464,145872,3933,149805
2.15.21 0:00,481,657,9657,699,427,1451,222,6,228,936915,146093,3939,150033
2.16.21 0:00,406,671,9868,735,643,1258,192,5,197,938173,146286,3944,150230
2.17.21 0:00,484,659,9685,701,425,1414,216,6,222,939587,146502,3950,150452
2.18.21 0:00,481,656,9636,697,424,1454,222,6,228,941041,146724,3956,150680
2.19.21 0:00,477,653,9599,695,428,1507,230,6,236,942548,146954,3962,150916
2.20.21 0:00,474,652,9581,694,431,1537,235,6,241,944085,147189,3968,151157
2.21.21 0:00,474,652,9577,694,430,1538,235,6,241,945623,147424,3974,151398
2.22.21 0:00,474,651,9574,694,430,1553,237,6,244,947176,147661,3980,151642
2.23.21 0:00,474,651,9571,694,430,1553,237,6,244,948729,147899,3987,151885
2.24.21 0:00,474,651,9568,693,429,1553,237,6,244,950282,148136,3993,152129
2.25.21 0:00,474,651,9566,693,429,1553,237,6,244,951834,148373,3999,152372
2.26.21 0:00,474,651,9564,693,429,1553,237,6,244,953387,148611,4005,152616
2.27.21 0:00,474,651,9562,693,428,1553,237,6,244,954940,148848,4012,152860
2.28.21 0:00,474,651,9560,693,428,1553,237,6,244,956493,149085,4018,153103
03.01.21 00:00,474,650,9559,692,428,1530,241,6,247,958024,149326,4024,153350
03.02.21 00:00,473,650,9557,692,429,1530,241,6,247,959554,149567,4031,153598
03.03.21 00:00,473,650,9557,693,430,1530,241,6,247,961084,149808,4037,153845
03.04.21 00:00,473,650,9553,692,429,1530,241,6,247,962615,150049,4043,154092
03.05.21 00:00,473,650,9550,692,429,1530,241,6,247,964145,150290,4050,154340
03.06.21 00:00,473,650,9547,692,428,1530,241,6,247,965675,150531,4056,154587
03.07.21 00:00,473,649,9544,691,428,1530,241,6,247,967206,150772,4062,154834
03.08.21 00:00,473,649,9542,691,428,1530,241,6,247,968736,151013,4069,155081
03.09.21 00:00,473,649,9541,691,427,1530,241,6,247,970267,151254,4075,155329
03.10.21 00:00,482,656,9642,698,423,1391,219,6,225,971657,151473,4081,155553
03.11.21 00:00,473,649,9545,692,429,1530,241,6,247,973188,151714,4087,155801
03.12.21 00:00,473,650,9547,692,429,1530,241,6,247,974718,151954,4093,156048
3.13.21 0:00,473,650,9549,692,429,1530,241,6,247,976248,152195,4100,156295
3.14.21 0:00,473,650,9547,692,428,1530,241,6,247,977779,152436,4106,156543
3.15.21 0:00,473,650,9545,692,428,1530,241,6,247,979309,152677,4113,156790
3.16.21 0:00,473,649,9542,691,428,1530,241,6,247,980839,152918,4119,157037
3.17.21 0:00,473,649,9539,691,427,1530,241,6,247,982370,153159,4125,157284
3.18.21 0:00,473,649,9537,691,427,1530,241,6,247,983900,153400,4132,157532
3.19.21 0:00,473,649,9535,691,426,1530,241,6,247,985431,153641,4138,157779
3.20.21 0:00,473,649,9534,691,426,1530,241,6,247,986961,153882,4144,158026
3.21.21 0:00,473,649,9532,691,426,1530,241,6,247,988491,154123,4151,158274
3.22.21 0:00,472,649,9530,691,428,1530,241,6,247,990022,154364,4157,158521
3.23.21 0:00,472,648,9529,690,428,1530,241,6,247,991552,154605,4163,158768
3.24.21 0:00,472,648,9527,690,428,1530,241,6,247,993083,154846,4170,159015
3.25.21 0:00,472,648,9526,690,427,1530,241,6,247,994613,155087,4176,159263
3.26.21 0:00,472,648,9524,690,427,1530,241,6,247,996143,155328,4182,159510
3.27.21 0:00,472,648,9522,690,427,1530,241,6,247,997674,155569,4189,159757
3.28.21 0:00,472,648,9520,690,426,1530,241,6,247,999204,155809,4195,160005
3.29.21 0:00,472,648,9519,690,426,1530,241,6,247,1000734,156050,4201,160252
3.30.21 0:00,472,648,9519,690,426,1530,241,6,247,1002265,156291,4208,160499
3.31.21 0:00,472,648,9518,690,426,1530,241,6,247,1003795,156532,4214,160746
04.01.21 00:00,472,648,9517,689,426,1537,242,6,248,1005332,156774,4220,160995
04.02.21 00:00,472,647,9515,689,426,1537,242,6,248,1006869,157016,4227,161243
04.03.21 00:00,472,647,9514,689,425,1537,242,6,248,1008406,157258,4233,161492
04.04.21 00:00,471,647,9512,689,427,1537,242,6,248,1009943,157500,4240,161740
04.05.21 00:00,471,647,9510,689,427,1537,242,6,248,1011480,157742,4246,161988
04.06.21 00:00,471,647,9508,689,427,1537,242,6,248,1013017,157984,4252,162237
04.07.21 00:00,471,647,9506,689,427,1537,242,6,248,1014554,158226,4259,162485
04.08.21 00:00,477,652,9579,693,424,1419,223,6,229,1015973,158450,4265,162714
04.09.21 00:00,471,647,9504,689,426,1537,242,6,248,1017510,158692,4271,162963
04.10.21 00:00,471,646,9501,688,426,1537,242,6,248,1019047,158934,4277,163211
04.11.21 00:00,471,646,9501,688,426,1537,242,6,248,1020584,159176,4284,163460
04.12.21 00:00,471,646,9498,688,425,1537,242,6,248,1022121,159418,4290,163708
4.13.21 0:00,471,646,9497,688,426,1537,242,6,248,1023658,159660,4297,163956
4.14.21 0:00,470,646,9495,688,427,1537,242,6,248,1025195,159902,4303,164205
4.15.21 0:00,470,646,9493,688,427,1537,242,6,248,1026732,160144,4309,164453
4.16.21 0:00,470,646,9491,688,426,1537,242,6,248,1028269,160386,4316,164701
4.17.21 0:00,470,646,9489,688,426,1537,242,6,248,1029806,160628,4322,164950
4.18.21 0:00,470,646,9487,687,426,1537,242,6,248,1031342,160870,4328,165198
4.19.21 0:00,469,645,9484,687,428,1537,242,6,248,1032879,161112,4335,165447
4.20.21 0:00,470,645,9482,687,426,1537,242,6,248,1034416,161354,4341,165695
4.21.21 0:00,469,645,9480,687,427,1537,242,6,248,1035953,161596,4348,165943
4.22.21 0:00,469,645,9479,687,427,1537,242,6,248,1037490,161838,4354,166192
4.23.21 0:00,469,645,9477,687,427,1537,242,6,248,1039027,162080,4360,166440
4.24.21 0:00,469,645,9475,687,426,1537,242,6,248,1040564,162322,4367,166689
4.25.21 0:00,469,645,9473,686,426,1537,242,6,248,1042101,162564,4373,166937
4.26.21 0:00,469,645,9472,686,426,1537,242,6,248,1043638,162806,4379,167185
4.27.21 0:00,469,644,9470,686,425,1537,242,6,248,1045175,163048,4386,167434
4.28.21 0:00,469,644,9468,686,425,1537,242,6,248,1046712,163290,4392,167682
4.29.21 0:00,469,644,9468,686,425,1537,242,6,248,1048249,163532,4399,167931
4.30.21 0:00,469,644,9469,686,425,1537,242,6,248,1049786,163774,4405,168179
05.01.21 00:00,469,644,9467,686,425,1542,234,6,240,1051329,164008,4411,168419
05.02.21 00:00,468,644,9465,686,426,1542,234,6,240,1052871,164242,4417,168660
05.03.21 00:00,468,644,9464,686,427,1542,234,6,240,1054414,164476,4423,168900
05.04.21 00:00,468,644,9462,686,427,1542,234,6,240,1055956,164711,4430,169140
05.05.21 00:00,468,644,9460,686,426,1542,234,6,240,1057498,164945,4436,169381
05.06.21 00:00,468,644,9459,686,426,1542,234,6,240,1059041,165179,4442,169621
05.07.21 00:00,474,648,9520,689,422,1480,225,6,231,1060520,165404,4448,169851
05.08.21 00:00,468,644,9459,686,426,1542,234,6,240,1062063,165638,4454,170092
05.09.21 00:00,468,643,9455,685,425,1542,234,6,240,1063605,165872,4460,170332
05.10.21 00:00,468,643,9453,685,425,1542,234,6,240,1065148,166106,4466,170573
05.11.21 00:00,468,643,9451,685,425,1542,234,6,240,1066690,166340,4473,170813
05.12.21 00:00,468,643,9449,685,424,1542,234,6,240,1068233,166574,4479,171053
5.13.21 0:00,468,643,9447,685,424,1542,234,6,240,1069775,166809,4485,171294
5.14.21 0:00,467,643,9445,685,426,1542,234,6,240,1071317,167043,4491,171534
5.15.21 0:00,467,643,9444,685,426,1542,234,6,240,1072860,167277,4497,171774
5.16.21 0:00,467,643,9442,684,426,1542,234,6,240,1074402,167511,4503,172015
5.17.21 0:00,467,642,9440,684,425,1542,234,6,240,1075945,167745,4510,172255
5.18.21 0:00,467,642,9439,684,425,1542,234,6,240,1077487,167979,4516,172495
5.19.21 0:00,467,642,9437,684,425,1542,234,6,240,1079029,168214,4522,172736
5.20.21 0:00,467,642,9435,684,424,1542,234,6,240,1080572,168448,4528,172976
5.21.21 0:00,467,642,9434,684,424,1542,234,6,240,1082114,168682,4534,173216
5.22.21 0:00,467,642,9432,683,424,1542,234,6,240,1083657,168916,4540,173457
5.23.21 0:00,466,642,9430,683,425,1542,234,6,240,1085199,169150,4547,173697
5.24.21 0:00,466,642,9428,683,426,1542,234,6,240,1086742,169384,4553,173937
5.25.21 0:00,466,641,9426,683,425,1542,234,6,240,1088284,169619,4559,174178
5.26.21 0:00,466,641,9424,683,425,1542,234,6,240,1089826,169853,4565,174418
5.27.21 0:00,466,641,9423,683,425,1542,234,6,240,1091369,170087,4571,174658
5.28.21 0:00,466,641,9421,683,425,1542,234,6,240,1092911,170321,4577,174899
5.29.21 0:00,466,641,9420,683,424,1542,234,6,240,1094454,170555,4584,175139
5.30.21 0:00,466,641,9417,682,424,1542,234,6,240,1095996,170790,4590,175379
5.31.21 0:00,466,641,9415,682,424,1542,234,6,240,1097539,171024,4596,175620
06.01.21 00:00,466,641,9413,682,424,1488,227,6,233,1099026,171251,4602,175853
06.02.21 00:00,465,640,9412,682,425,1488,227,6,233,1100514,171478,4608,176086
06.03.21 00:00,465,640,9411,682,425,1488,227,6,233,1102002,171705,4614,176319
06.04.21 00:00,465,640,9409,682,425,1488,227,6,233,1103490,171932,4620,176552
06.05.21 00:00,464,640,9406,682,426,1514,231,6,237,1105004,172163,4626,176789
06.06.21 00:00,464,639,9396,681,425,1514,231,6,237,1106518,172395,4632,177027
06.07.21 00:00,463,638,9380,680,425,1527,233,6,239,1108045,172628,4638,177266
06.08.21 00:00,468,642,9436,684,422,1462,223,6,229,1109507,172851,4644,177495
06.09.21 00:00,462,637,9363,679,425,1540,235,6,241,1111047,173086,4650,177736
06.10.21 00:00,461,637,9359,679,426,1563,239,6,245,1112610,173325,4657,177981
06.11.21 00:00,461,637,9357,679,426,1563,239,6,245,1114173,173563,4663,178226
06.12.21 00:00,461,637,9355,678,426,1563,239,6,245,1115736,173802,4669,178471
6.13.21 0:00,461,636,9353,678,425,1563,239,6,245,1117299,174040,4675,178716
6.14.21 0:00,461,636,9351,678,425,1563,239,6,245,1118862,174279,4682,178961
6.15.21 0:00,461,636,9349,678,425,1563,239,6,245,1120425,174518,4688,179206
6.16.21 0:00,461,636,9347,678,425,1563,239,6,245,1121988,174756,4694,179451
6.17.21 0:00,461,636,9346,678,424,1563,239,6,245,1123551,174995,4701,179696
6.18.21 0:00,461,636,9343,677,424,1563,239,6,245,1125114,175234,4707,179940
6.19.21 0:00,460,636,9342,677,425,1563,239,6,245,1126677,175472,4713,180185
6.20.21 0:00,460,636,9340,677,426,1563,239,6,245,1128240,175711,4720,180430
6.21.21 0:00,460,635,9339,677,426,1563,239,6,245,1129803,175949,4726,180675
6.22.21 0:00,460,635,9338,677,425,1563,239,6,245,1131366,176188,4732,180920
6.23.21 0:00,460,635,9336,677,425,1563,239,6,245,1132930,176427,4738,181165
6.24.21 0:00,460,635,9335,677,425,1563,239,6,245,1134493,176665,4745,181410
6.25.21 0:00,460,635,9333,677,425,1563,239,6,245,1136056,176904,4751,181655
6.26.21 0:00,460,635,9332,677,424,1563,239,6,245,1137619,177143,4757,181900
6.27.21 0:00,460,635,9331,677,424,1563,239,6,245,1139182,177381,4764,182145
6.28.21 0:00,460,635,9329,676,424,1563,239,6,245,1140745,177620,4770,182390
6.29.21 0:00,460,635,9327,676,424,1563,239,6,245,1142308,177858,4776,182635
6.30.21 0:00,460,635,9325,676,423,1563,239,6,245,1143871,178097,4782,182879
07.01.21 00:00,459,634,9324,676,425,1568,233,6,239,1145438,178330,4789,183119
07.02.21 00:00,459,634,9322,676,425,1568,233,6,239,1147006,178564,4795,183358
07.03.21 00:00,459,634,9321,676,425,1568,233,6,239,1148574,178797,4801,183598
07.04.21 00:00,459,634,9319,676,425,1568,233,6,239,1150141,179030,4807,183837
07.05.21 00:00,459,634,9317,676,424,1568,233,6,239,1151709,179263,4813,184076
07.06.21 00:00,459,634,9315,676,424,1568,233,6,239,1153277,179497,4819,184316
07.07.21 00:00,459,634,9313,675,424,1568,233,6,239,1154844,179730,4825,184555
07.08.21 00:00,459,634,9311,675,423,1568,233,6,239,1156412,179963,4832,184795
07.09.21 00:00,459,633,9310,675,423,1568,233,6,239,1157980,180196,4838,185034
07.10.21 00:00,459,633,9308,675,424,1568,233,6,239,1159547,180430,4844,185274
07.11.21 00:00,459,634,9311,675,424,1568,233,6,239,1161115,180663,4850,185513
07.12.21 00:00,464,637,9368,679,420,1511,225,6,231,1162626,180888,4856,185744
7.13.21 0:00,458,633,9308,675,425,1568,233,6,239,1164193,181121,4862,185983
7.14.21 0:00,458,633,9305,675,425,1568,233,6,239,1165761,181354,4868,186222
7.15.21 0:00,458,633,9300,675,424,1568,233,6,239,1167329,181588,4874,186462
7.16.21 0:00,458,633,9297,674,423,1568,233,6,239,1168896,181821,4881,186701
7.17.21 0:00,458,633,9295,674,423,1568,233,6,239,1170464,182054,4887,186941
7.18.21 0:00,458,633,9296,674,423,1568,233,6,239,1172032,182287,4893,187180
7.19.21 0:00,458,632,9293,674,423,1568,233,6,239,1173599,182521,4899,187419
7.20.21 0:00,458,632,9291,674,422,1568,233,6,239,1175167,182754,4905,187659
7.21.21 0:00,458,632,9289,674,422,1568,233,6,239,1176734,182987,4911,187898
7.22.21 0:00,457,632,9288,674,424,1568,233,6,239,1178302,183220,4917,188138
7.23.21 0:00,457,632,9286,674,424,1568,233,6,239,1179870,183454,4924,188377
7.24.21 0:00,457,632,9283,673,424,1568,233,6,239,1181437,183687,4930,188617
7.25.21 0:00,465,638,9380,679,419,1420,211,6,217,1182858,183898,4935,188833
7.26.21 0:00,458,633,9298,674,423,1511,225,6,231,1184369,184123,4941,189064
7.27.21 0:00,457,631,9276,673,422,1568,233,6,239,1185936,184356,4947,189304
7.28.21 0:00,457,631,9273,672,422,1568,233,6,239,1187504,184590,4953,189543
7.29.21 0:00,456,631,9271,673,424,1568,233,6,239,1189071,184823,4960,189782
7.30.21 0:00,456,631,9269,672,424,1568,233,6,239,1190639,185056,4966,190022
7.31.21 0:00,456,631,9267,672,423,1568,233,6,239,1192207,185289,4972,190261
08.01.21 00:00,456,630,9266,672,423,1569,246,6,252,1193776,185535,4978,190514
08.02.21 00:00,456,630,9264,672,423,1569,246,6,252,1195345,185781,4985,190766
08.03.21 00:00,456,630,9262,672,423,1569,246,6,252,1196914,186027,4991,191019
08.04.21 00:00,456,630,9260,672,422,1569,246,6,252,1198483,186273,4998,191271
08.05.21 00:00,456,630,9258,671,422,1569,246,6,252,1200053,186519,5004,191524
08.06.21 00:00,455,630,9256,671,423,1569,246,6,252,1201622,186765,5011,191776
08.07.21 00:00,455,630,9254,671,424,1569,246,6,252,1203191,187011,5017,192028
08.08.21 00:00,455,630,9253,671,423,1569,246,6,252,1204760,187257,5024,192281
08.09.21 00:00,455,630,9252,671,423,1569,246,6,252,1206330,187503,5030,192533
08.10.21 00:00,455,629,9250,671,423,1569,246,6,252,1207899,187749,5037,192786
08.11.21 00:00,455,630,9252,671,423,1569,246,6,252,1209468,187995,5043,193038
08.12.21 00:00,456,630,9255,671,421,1569,246,6,252,1211037,188241,5050,193291
8.13.21 0:00,457,630,9260,671,421,1553,243,6,250,1212590,188485,5056,193541
8.14.21 0:00,459,632,9293,674,420,1543,242,6,248,1214133,188726,5062,193789
8.15.21 0:00,459,632,9294,674,421,1543,242,6,248,1215675,188968,5069,194037
8.16.21 0:00,459,632,9293,674,420,1543,242,6,248,1217218,189210,5075,194285
8.17.21 0:00,466,637,9368,678,415,1472,231,6,237,1218690,189441,5081,194522
8.18.21 0:00,456,631,9269,672,423,1569,246,6,252,1220259,189687,5088,194775
8.19.21 0:00,455,629,9248,671,423,1569,246,6,252,1221829,189933,5094,195027
8.20.21 0:00,456,630,9260,672,422,1569,246,6,252,1223398,190179,5101,195280
8.21.21 0:00,465,637,9362,678,417,1472,231,6,237,1224870,190410,5107,195516
8.22.21 0:00,485,653,9593,693,407,1172,184,5,189,1226041,190593,5112,195705
8.23.21 0:00,496,662,9731,702,403,993,156,4,160,1227035,190749,5116,195865
8.24.21 0:00,493,659,9690,699,404,1041,163,4,167,1228075,190912,5120,196032
8.25.21 0:00,493,660,9694,699,404,1041,163,4,167,1229116,191075,5124,196200
8.26.21 0:00,493,660,9695,699,404,1041,163,4,167,1230156,191238,5129,196367
8.27.21 0:00,493,660,9696,700,404,1041,163,4,167,1231197,191401,5133,196534
8.28.21 0:00,494,661,9708,700,405,1041,163,4,167,1232237,191564,5137,196702
8.29.21 0:00,494,661,9713,701,405,1041,163,4,167,1233278,191728,5142,196869
8.30.21 0:00,494,661,9713,701,405,1041,163,4,167,1234319,191891,5146,197037
8.31.21 0:00,494,661,9713,701,405,1041,163,4,167,1235359,192054,5150,197204
09.01.21 00:00,494,661,9711,701,405,1053,167,4,171,1236413,192221,5155,197376
09.02.21 00:00,495,661,9721,701,403,1032,164,4,168,1237445,192385,5159,197544
09.03.21 00:00,497,663,9738,702,403,998,158,4,162,1238443,192543,5163,197706
09.04.21 00:00,497,663,9740,702,402,998,158,4,162,1239441,192701,5167,197868
09.05.21 00:00,497,663,9739,702,402,998,158,4,162,1240438,192859,5171,198031
09.06.21 00:00,496,663,9739,702,403,1015,161,4,165,1241453,193020,5176,198196
09.07.21 00:00,496,663,9738,702,404,1015,161,4,165,1242469,193181,5180,198361
09.08.21 00:00,496,663,9736,702,404,1015,161,4,165,1243484,193342,5184,198526
09.09.21 00:00,496,662,9735,702,404,1015,161,4,165,1244499,193503,5188,198692
09.10.21 00:00,506,671,9859,710,400,862,137,4,140,1245360,193640,5192,198832
09.11.21 00:00,497,663,9741,702,403,998,158,4,162,1246358,193798,5196,198994
09.12.21 00:00,497,663,9748,703,403,998,158,4,162,1247356,193956,5200,199157
9.13.21 0:00,497,663,9746,703,403,998,158,4,162,1248354,194115,5204,199319
9.14.21 0:00,497,663,9745,703,403,998,158,4,162,1249352,194273,5209,199482
9.15.21 0:00,497,663,9743,703,403,998,158,4,162,1250349,194431,5213,199644
9.16.21 0:00,497,663,9742,702,402,998,158,4,162,1251347,194589,5217,199806
9.17.21 0:00,497,663,9740,702,402,998,158,4,162,1252345,194748,5221,199969
9.18.21 0:00,497,663,9739,702,402,998,158,4,162,1253343,194906,5225,200131
9.19.21 0:00,497,663,9737,702,402,998,158,4,162,1254341,195064,5230,200294
9.20.21 0:00,497,662,9736,702,401,998,158,4,162,1255338,195222,5234,200456
9.21.21 0:00,496,662,9734,702,403,1015,161,4,165,1256353,195383,5238,200621
9.22.21 0:00,497,663,9739,702,402,998,158,4,162,1257351,195542,5242,200784
9.23.21 0:00,497,663,9743,702,402,998,158,4,162,1258349,195700,5246,200946
9.24.21 0:00,498,664,9754,703,402,980,155,4,160,1259329,195855,5250,201106
9.25.21 0:00,498,664,9753,703,402,980,155,4,160,1260309,196011,5254,201265
9.26.21 0:00,498,664,9752,703,402,980,155,4,160,1261290,196166,5259,201425
9.27.21 0:00,498,664,9751,703,401,980,155,4,160,1262270,196322,5263,201584
9.28.21 0:00,498,663,9750,703,401,980,155,4,160,1263250,196477,5267,201744
9.29.21 0:00,498,663,9748,703,401,980,155,4,160,1264230,196633,5271,201903
9.30.21 0:00,498,663,9748,703,401,980,155,4,160,1265211,196788,5275,202063
10.01.21 00:00,498,663,9747,703,401,913,144,4,147,1266123,196932,5279,202211
10.02.21 00:00,498,663,9746,703,400,913,144,4,147,1267036,197076,5283,202358
10.03.21 00:00,497,663,9744,703,403,931,147,4,150,1267967,197222,5286,202508
10.04.21 00:00,497,663,9742,703,402,931,147,4,150,1268898,197369,5290,202659
10.05.21 00:00,497,663,9741,702,402,931,147,4,150,1269829,197515,5294,202809
10.06.21 00:00,497,663,9740,702,402,931,147,4,150,1270760,197662,5298,202960
10.07.21 00:00,497,663,9738,702,402,931,147,4,150,1271690,197808,5302,203110
10.08.21 00:00,497,663,9736,702,401,931,147,4,150,1272621,197955,5306,203260
10.09.21 00:00,497,662,9734,702,401,931,147,4,150,1273552,198101,5310,203411
10.10.21 00:00,497,662,9733,702,401,931,147,4,150,1274483,198248,5313,203561
10.11.21 00:00,497,662,9731,702,400,931,147,4,150,1275414,198394,5317,203712
10.12.21 00:00,502,667,9798,706,400,842,132,3,136,1276255,198527,5321,203848
10.13.21 0:00,496,662,9722,701,401,949,149,4,153,1277204,198676,5325,204001
10.14.21 0:00,495,661,9717,701,403,967,152,4,156,1278171,198828,5329,204157
10.15.21 0:00,495,661,9715,701,403,967,152,4,156,1279137,198981,5333,204313
10.16.21 0:00,495,661,9712,700,402,967,152,4,156,1280104,199133,5337,204469
10.17.21 0:00,495,661,9709,700,402,967,152,4,156,1281070,199285,5341,204626
10.18.21 0:00,475,645,9480,686,412,1281,202,5,207,1282351,199487,5346,204833
10.19.21 0:00,455,629,9245,670,421,1572,247,7,254,1283923,199734,5353,205087
10.20.21 0:00,454,628,9223,669,421,1586,250,7,256,1285509,199984,5359,205343
10.21.21 0:00,451,629,9247,672,433,1627,256,7,263,1287135,200240,5366,205606
10.22.21 0:00,469,639,9395,680,413,1375,216,6,222,1288510,200456,5372,205828
10.23.21 0:00,492,657,9659,697,401,1016,160,4,164,1289526,200616,5376,205992
10.24.21 0:00,493,658,9675,698,400,1000,157,4,162,1290526,200773,5380,206153
10.25.21 0:00,495,660,9697,699,400,967,152,4,156,1291492,200926,5384,206310
10.26.21 0:00,492,658,9670,698,403,1016,160,4,164,1292508,201086,5388,206474
10.27.21 0:00,492,658,9665,697,402,1016,160,4,164,1293524,201245,5392,206638
10.28.21 0:00,493,659,9685,699,402,1000,157,4,162,1294524,201403,5397,206799
10.29.21 0:00,494,660,9695,699,402,985,155,4,159,1295509,201558,5401,206959
10.30.21 0:00,494,660,9695,699,402,985,155,4,159,1296494,201713,5405,207118
10.31.21 0:00,495,660,9703,700,401,967,152,4,156,1297460,201865,5409,207274
11.01.21 00:00,497,661,9721,701,400,932,145,4,149,1298392,202010,5413,207423
11.02.21 00:00,497,662,9727,701,400,932,145,4,149,1299325,202155,5416,207572
11.03.21 00:00,496,662,9727,701,402,932,145,4,149,1300257,202301,5420,207721
11.04.21 00:00,496,662,9727,701,402,932,145,4,149,1301189,202446,5424,207870
11.05.21 00:00,496,662,9725,701,402,932,145,4,149,1302122,202591,5428,208019
11.06.21 00:00,496,662,9724,701,402,932,145,4,149,1303054,202736,5432,208168
11.07.21 00:00,496,662,9723,701,402,932,145,4,149,1303986,202881,5436,208317
11.08.21 00:00,496,662,9722,701,401,932,145,4,149,1304919,203026,5439,208466
11.09.21 00:00,496,661,9721,701,401,932,145,4,149,1305851,203172,5443,208615
11.10.21 00:00,496,661,9720,701,401,932,145,4,149,1306783,203317,5447,208764
11.11.21 00:00,496,661,9719,701,401,932,145,4,149,1307716,203462,5451,208913
11.12.21 00:00,518,682,10019,721,397,516,80,2,82,1308231,203542,5453,208995
11.13.21 0:00,543,706,10371,744,395,0,0,0,0,1308231,203542,5453,208995
11.14.21 0:00,543,707,10392,746,398,0,0,0,0,1308231,203542,5453,208995
11.15.21 0:00,543,708,10403,747,400,0,0,0,0,1308231,203542,5453,208995
11.16.21 0:00,543,708,10410,748,401,0,0,0,0,1308231,203542,5453,208995
11.17.21 0:00,543,709,10415,748,402,0,0,0,0,1308231,203542,5453,208995
11.18.21 0:00,543,709,10419,749,403,0,0,0,0,1308231,203542,5453,208995
11.19.21 0:00,543,709,10422,749,403,0,0,0,0,1308231,203542,5453,208995
11.20.21 0:00,543,709,10424,749,403,0,0,0,0,1308231,203542,5453,208995
11.21.21 0:00,543,709,10426,749,404,0,0,0,0,1308231,203542,5453,208995
11.22.21 0:00,543,709,10427,749,404,0,0,0,0,1308231,203542,5453,208995
11.23.21 0:00,543,710,10427,749,404,0,0,0,0,1308231,203542,5453,208995
11.24.21 0:00,543,710,10428,749,404,0,0,0,0,1308231,203542,5453,208995
11.25.21 0:00,543,710,10429,749,404,0,0,0,0,1308231,203542,5453,208995
11.26.21 0:00,543,710,10429,749,404,0,0,0,0,1308231,203542,5453,208995
11.27.21 0:00,543,710,10429,749,404,0,0,0,0,1308231,203542,5453,208995
11.28.21 0:00,543,710,10430,749,404,0,0,0,0,1308231,203542,5453,208995
11.29.21 0:00,543,710,10430,750,404,0,0,0,0,1308231,203542,5453,208995
11.30.21 0:00,538,705,10359,745,405,0,0,0,0,1308231,203542,5453,208995
12.01.21 00:00,505,672,9876,712,404,711,115,3,118,1308942,203657,5456,209113
12.02.21 00:00,503,669,9833,709,402,755,122,3,125,1309697,203779,5459,209238
12.03.21 00:00,504,669,9826,708,400,763,123,3,126,1310460,203902,5462,209364
12.04.21 00:00,504,668,9820,707,399,769,124,3,127,1311229,204026,5466,209492
12.05.21 00:00,501,666,9781,705,399,810,131,3,134,1312039,204157,5469,209626
12.06.21 00:00,500,665,9774,704,400,817,132,3,135,1312856,204288,5473,209761
12.07.21 00:00,501,666,9788,705,400,803,129,3,133,1313658,204418,5476,209894
12.08.21 00:00,496,661,9717,701,401,877,141,4,145,1314535,204559,5480,210039
12.09.21 00:00,493,659,9678,698,402,918,148,4,152,1315453,204707,5484,210191
12.10.21 00:00,487,653,9596,693,403,1003,162,4,166,1316456,204869,5488,210357
12.11.21 00:00,486,652,9586,692,403,1014,164,4,168,1317469,205033,5492,210525
12.12.21 00:00,486,652,9586,692,404,1014,164,4,168,1318483,205196,5497,210693
12.13.21 0:00,487,653,9591,692,402,1008,163,4,167,1319492,205359,5501,210860
12.14.21 0:00,487,653,9590,692,402,1010,163,4,167,1320501,205522,5505,211027
12.15.21 0:00,477,645,9480,685,408,1124,181,5,186,1321625,205703,5510,211213
12.16.21 0:00,453,626,9206,668,420,1410,228,6,234,1323036,205931,5516,211447
12.17.21 0:00,450,623,9156,664,420,1463,236,6,242,1324499,206167,5522,211689
12.18.21 0:00,449,622,9139,663,420,1480,239,6,245,1325979,206406,5528,211934
12.19.21 0:00,448,621,9128,662,420,1492,241,6,247,1327472,206647,5535,212181
12.20.21 0:00,436,613,9005,655,430,1620,261,7,268,1329092,206908,5542,212450
12.21.21 0:00,412,595,8745,639,444,1892,305,8,313,1330984,207213,5550,212763
12.22.21 0:00,410,593,8722,637,445,1916,309,8,317,1332900,207523,5558,213080
12.23.21 0:00,410,593,8710,636,444,1928,311,8,319,1334829,207834,5566,213400
12.24.21 0:00,409,592,8700,636,444,1939,313,8,321,1336768,208146,5574,213721
12.25.21 0:00,409,591,8691,635,442,1949,314,8,323,1338716,208461,5583,214043
12.26.21 0:00,408,591,8684,635,444,1956,316,8,324,1340672,208776,5591,214367
12.27.21 0:00,408,591,8678,634,443,1962,317,8,325,1342634,209093,5599,214692
12.28.21 0:00,434,610,8961,652,426,1666,269,7,276,1344300,209362,5606,214968
12.29.21 0:00,482,647,9511,687,401,1092,176,5,181,1345392,209538,5611,215149
12.30.21 0:00,483,649,9532,688,401,1070,173,5,177,1346462,209711,5615,215326
12.31.21 0:00,484,649,9542,689,401,1060,171,5,175,1347522,209882,5620,215502
01.01.22 00:00,484,650,9547,689,402,1012,149,4,152,1348533,210030,5624,215654
01.02.22 00:00,484,650,9549,689,402,1012,149,4,152,1349545,210179,5628,215806
01.03.22 00:00,484,650,9552,690,402,1012,149,4,152,1350556,210327,5632,215959
01.04.22 00:00,484,650,9552,690,403,1012,149,4,152,1351568,210476,5636,216111
01.05.22 00:00,484,650,9552,690,403,1012,149,4,152,1352579,210624,5640,216264
01.06.22 00:00,484,650,9552,690,402,1012,149,4,152,1353591,210773,5643,216416
01.07.22 00:00,484,650,9551,689,402,1012,149,4,152,1354602,210921,5647,216569
01.08.22 00:00,484,650,9551,689,402,1012,149,4,152,1355614,211070,5651,216721
01.09.22 00:00,484,650,9549,689,402,1012,149,4,152,1356625,211218,5655,216873
01.10.22 00:00,484,650,9548,689,402,1012,149,4,152,1357637,211367,5659,217026
01.11.22 00:00,484,650,9547,689,402,1012,149,4,152,1358648,211515,5663,217178
01.12.22 00:00,484,650,9545,689,401,1012,149,4,152,1359660,211664,5667,217331
1.13.22 0:00,484,649,9544,689,401,1012,149,4,152,1360671,211812,5671,217483
1.14.22 0:00,484,649,9543,689,401,1012,149,4,152,1361683,211961,5675,217635
1.15.22 0:00,484,649,9542,689,401,1012,149,4,152,1362695,212109,5679,217788
1.16.22 0:00,484,649,9538,688,401,1012,149,4,152,1363706,212258,5683,217940
1.17.22 0:00,483,649,9533,688,402,1012,149,4,152,1364718,212406,5687,218093
1.18.22 0:00,483,649,9531,688,402,1012,149,4,152,1365729,212555,5690,218245
1.19.22 0:00,483,648,9529,688,401,1012,149,4,152,1366741,212703,5694,218398
1.20.22 0:00,483,648,9529,688,401,1012,149,4,152,1367752,212852,5698,218550
1.21.22 0:00,483,648,9526,688,401,1012,149,4,152,1368764,213000,5702,218702
1.22.22 0:00,483,648,9524,687,400,1012,149,4,152,1369775,213149,5706,218855
1.23.22 0:00,483,648,9522,687,400,1012,149,4,152,1370787,213297,5710,219007
1.24.22 0:00,482,648,9520,687,401,1012,149,4,152,1371798,213446,5714,219160
1.25.22 0:00,482,648,9519,687,402,1012,149,4,152,1372810,213594,5718,219312
1.26.22 0:00,482,647,9516,687,401,1012,149,4,152,1373821,213743,5722,219464
1.27.22 0:00,482,647,9514,687,401,1012,149,4,152,1374833,213891,5726,219617
1.28.22 0:00,482,647,9512,687,402,1012,149,4,152,1375844,214040,5730,219769
1.29.22 0:00,481,647,9510,687,403,1012,149,4,152,1376856,214188,5733,219922
1.30.22 0:00,481,647,9508,687,403,1012,149,4,152,1377867,214337,5737,220074
1.31.22 0:00,481,647,9506,686,402,1012,149,4,152,1378879,214485,5741,220227
02.01.22 00:00,481,647,9504,686,402,1003,143,5,147,1379881,214628,5746,220374
02.02.22 00:00,481,647,9503,686,402,1003,143,5,147,1380884,214770,5751,220521
02.03.22 00:00,481,647,9501,686,401,1003,143,5,147,1381887,214913,5755,220668
02.04.22 00:00,481,646,9499,686,401,1003,143,5,147,1382890,215055,5760,220815
02.05.22 00:00,481,646,9499,686,401,1003,143,5,147,1383893,215198,5765,220963
02.06.22 00:00,480,646,9496,686,402,992,159,5,164,1384885,215357,5770,221127
02.07.22 00:00,480,646,9494,686,403,992,159,5,164,1385877,215516,5775,221290
02.08.22 00:00,480,646,9493,686,402,992,159,5,164,1386868,215675,5780,221454
02.09.22 00:00,480,646,9491,685,402,992,159,5,164,1387860,215833,5785,221618
02.10.22 00:00,480,646,9490,685,402,992,159,5,164,1388852,215992,5790,221782
02.11.22 00:00,480,646,9488,685,402,992,159,5,164,1389844,216151,5795,221946
02.12.22 00:00,489,653,9600,692,399,868,123,4,127,1390711,216275,5799,222073
2.13.22 0:00,535,696,10233,735,391,0,0,0,0,1390711,216275,5799,222073
2.14.22 0:00,535,698,10265,737,396,0,0,0,0,1390711,216275,5799,222073
2.15.22 0:00,536,700,10280,739,397,0,0,0,0,1390711,216275,5799,222073
2.16.22 0:00,536,700,10291,739,398,0,0,0,0,1390711,216275,5799,222073
2.17.22 0:00,536,701,10298,740,399,0,0,0,0,1390711,216275,5799,222073
2.18.22 0:00,536,701,10303,740,400,0,0,0,0,1390711,216275,5799,222073
2.19.22 0:00,536,701,10307,741,401,0,0,0,0,1390711,216275,5799,222073
2.20.22 0:00,536,702,10310,741,401,0,0,0,0,1390711,216275,5799,222073
2.21.22 0:00,536,702,10312,741,402,0,0,0,0,1390711,216275,5799,222073
2.22.22 0:00,536,702,10313,741,402,0,0,0,0,1390711,216275,5799,222073
2.23.22 0:00,536,702,10315,741,402,0,0,0,0,1390711,216275,5799,222073
2.24.22 0:00,522,688,10108,727,401,445,63,2,65,1391156,216338,5801,222139
2.25.22 0:00,495,660,9696,699,400,834,118,4,122,1391990,216456,5805,222261
2.26.22 0:00,492,656,9642,695,398,853,140,4,145,1392843,216596,5809,222406
2.27.22 0:00,491,655,9631,694,398,853,140,4,145,1393697,216737,5814,222550
2.28.22 0:00,491,655,9622,694,397,853,140,4,145,1394550,216877,5818,222695
03.01.22 00:00,490,654,9616,693,398,851,126,4,130,1395401,217003,5822,222825
03.02.22 00:00,490,654,9611,693,398,851,126,4,130,1396252,217129,5827,222956
03.03.22 00:00,490,654,9607,693,397,851,126,4,130,1397103,217256,5831,223086
03.04.22 00:00,490,653,9603,692,396,851,126,4,130,1397954,217382,5835,223217
03.05.22 00:00,489,653,9600,692,398,851,126,4,130,1398804,217508,5839,223347
03.06.22 00:00,489,653,9596,692,398,851,142,4,147,1399655,217650,5844,223494
03.07.22 00:00,489,653,9593,692,397,851,142,4,147,1400506,217793,5848,223641
03.08.22 00:00,489,653,9591,692,397,851,142,4,147,1401357,217935,5853,223788
03.09.22 00:00,489,652,9588,691,396,851,142,4,147,1402208,218077,5857,223934
03.10.22 00:00,488,652,9586,691,398,851,142,4,147,1403058,218220,5861,224081
03.11.22 00:00,488,652,9584,691,398,851,142,4,147,1403909,218362,5866,224228
03.12.22 00:00,488,652,9581,691,398,851,126,4,130,1404760,218488,5870,224359
3.13.22 0:00,488,652,9579,691,397,851,126,4,130,1405611,218615,5874,224489
3.14.22 0:00,488,652,9577,691,397,851,126,4,130,1406462,218741,5879,224619
3.15.22 0:00,488,652,9575,691,397,851,126,4,130,1407313,218867,5883,224750
3.16.22 0:00,488,651,9573,690,396,851,126,4,130,1408163,218993,5887,224880
3.17.22 0:00,488,651,9571,690,396,851,126,4,130,1409014,219120,5891,225011
3.18.22 0:00,487,651,9569,690,397,851,126,4,130,1409865,219246,5895,225141
3.19.22 0:00,487,651,9567,690,398,851,126,4,130,1410716,219372,5899,225271
3.20.22 0:00,487,651,9566,690,398,851,126,4,130,1411567,219498,5904,225402
3.21.22 0:00,487,651,9564,690,397,851,126,4,130,1412418,219624,5908,225532
3.22.22 0:00,487,651,9561,690,397,851,126,4,130,1413268,219751,5912,225663
3.23.22 0:00,487,650,9560,689,396,851,126,4,130,1414119,219877,5916,225793
3.24.22 0:00,487,650,9557,689,396,851,126,4,130,1414970,220003,5920,225923
3.25.22 0:00,486,650,9556,689,397,851,126,4,130,1415821,220129,5924,226054
3.26.22 0:00,486,650,9554,689,398,851,146,5,151,1416672,220275,5929,226204
3.27.22 0:00,486,650,9553,689,398,851,146,5,151,1417523,220421,5934,226355
3.28.22 0:00,486,650,9552,689,398,851,146,5,151,1418373,220567,5938,226505
3.29.22 0:00,486,650,9550,689,397,851,146,5,151,1419224,220713,5943,226656
3.30.22 0:00,486,650,9548,689,397,851,146,5,151,1420075,220859,5947,226807
3.31.22 0:00,486,650,9546,689,397,851,146,5,151,1420926,221005,5952,226957
04.01.22 00:00,486,649,9545,688,396,890,153,5,158,1421816,221158,5957,227115
04.02.22 00:00,486,649,9544,688,396,890,153,5,158,1422706,221312,5962,227274
04.03.22 00:00,486,649,9542,688,396,890,153,5,158,1423597,221465,5967,227432
04.04.22 00:00,486,649,9541,688,396,890,153,5,158,1424487,221618,5972,227590
04.05.22 00:00,485,649,9539,688,397,890,153,5,158,1425377,221772,5977,227748
04.06.22 00:00,485,649,9538,688,398,890,153,5,158,1426267,221925,5981,227907
04.07.22 00:00,485,649,9537,688,398,890,153,5,158,1427158,222079,5986,228065
04.08.22 00:00,485,649,9535,688,397,890,153,5,158,1428048,222232,5991,228223
04.09.22 00:00,485,649,9534,688,397,890,153,5,158,1428938,222385,5996,228381
04.10.22 00:00,485,649,9532,688,397,890,153,5,158,1429828,222539,6001,228540
04.11.22 00:00,485,649,9531,688,397,890,153,5,158,1430719,222692,6006,228698
04.12.22 00:00,485,648,9529,687,396,890,153,5,158,1431609,222845,6011,228856
4.13.22 0:00,485,648,9528,687,396,890,153,5,158,1432499,222999,6016,229014
4.14.22 0:00,485,648,9526,687,396,890,153,5,158,1433389,223152,6021,229173
4.15.22 0:00,485,648,9525,687,396,890,153,5,158,1434280,223305,6026,229331
4.16.22 0:00,485,648,9524,687,395,890,153,5,158,1435170,223459,6030,229489
4.17.22 0:00,485,648,9522,687,395,890,153,5,158,1436060,223612,6035,229647
4.18.22 0:00,485,648,9521,687,395,890,153,5,158,1436951,223765,6040,229806
4.19.22 0:00,484,648,9519,687,397,890,153,5,158,1437841,223919,6045,229964
4.20.22 0:00,484,648,9518,687,397,890,153,5,158,1438731,224072,6050,230122
4.21.22 0:00,484,648,9517,687,397,890,153,5,158,1439621,224225,6055,230280
4.22.22 0:00,484,647,9515,686,396,890,153,5,158,1440512,224379,6060,230439
4.23.22 0:00,484,647,9514,686,396,890,153,5,158,1441402,224532,6065,230597
4.24.22 0:00,484,647,9512,686,396,890,153,5,158,1442292,224686,6070,230755
4.25.22 0:00,484,647,9511,686,396,890,153,5,158,1443182,224839,6075,230913
4.26.22 0:00,484,647,9510,686,396,890,153,5,158,1444073,224992,6080,231072
4.27.22 0:00,484,647,9509,686,395,890,153,5,158,1444963,225146,6084,231230
4.28.22 0:00,484,647,9508,686,395,890,153,5,158,1445853,225299,6089,231388
4.29.22 0:00,484,647,9506,686,395,890,153,5,158,1446743,225452,6094,231547
4.30.22 0:00,484,647,9505,686,395,890,153,5,158,1447634,225606,6099,231705
05.01.22 00:00,483,647,9504,686,396,893,152,5,156,1448526,225757,6104,231861
05.02.22 00:00,483,647,9503,686,397,893,152,5,156,1449419,225909,6109,232018
05.03.22 00:00,483,647,9502,686,397,893,152,5,156,1450311,226060,6114,232174
05.04.22 00:00,483,646,9500,685,396,893,152,5,156,1451204,226212,6119,232330
05.05.22 00:00,483,646,9498,685,396,893,152,5,156,1452097,226363,6123,232487
05.06.22 00:00,483,646,9498,685,396,893,152,5,156,1452989,226515,6128,232643
05.07.22 00:00,483,646,9497,685,396,893,152,5,156,1453882,226666,6133,232800
05.08.22 00:00,483,646,9495,685,395,893,152,5,156,1454775,226818,6138,232956
05.09.22 00:00,483,646,9493,685,395,893,152,5,156,1455667,226970,6143,233112
05.10.22 00:00,483,646,9491,685,395,893,152,5,156,1456560,227121,6148,233269
05.11.22 00:00,483,646,9490,685,395,893,152,5,156,1457452,227273,6152,233425
05.12.22 00:00,483,646,9489,684,395,893,152,5,156,1458345,227424,6157,233582
5.13.22 0:00,483,646,9487,684,394,893,152,5,156,1459238,227576,6162,233738
5.14.22 0:00,482,645,9486,684,396,893,152,5,156,1460130,227727,6167,233894
5.15.22 0:00,482,645,9485,684,396,893,152,5,156,1461023,227879,6172,234051
5.16.22 0:00,482,645,9483,684,396,893,152,5,156,1461916,228030,6177,234207
5.17.22 0:00,486,648,9528,687,395,893,152,5,156,1462808,228182,6182,234363
5.18.22 0:00,529,690,10133,728,389,0,0,0,0,1462808,228182,6182,234363
5.19.22 0:00,530,692,10165,730,392,0,0,0,0,1462808,228182,6182,234363
5.20.22 0:00,530,693,10179,731,394,0,0,0,0,1462808,228182,6182,234363
5.21.22 0:00,530,693,10187,732,396,0,0,0,0,1462808,228182,6182,234363
5.22.22 0:00,530,694,10193,733,397,0,0,0,0,1462808,228182,6182,234363
5.23.22 0:00,530,694,10197,733,397,0,0,0,0,1462808,228182,6182,234363
5.24.22 0:00,488,652,9587,692,398,839,142,5,147,1463647,228324,6186,234510
5.25.22 0:00,481,645,9482,684,397,963,164,5,169,1464610,228488,6191,234679
5.26.22 0:00,481,644,9468,683,396,963,164,5,169,1465573,228651,6197,234848
5.27.22 0:00,480,644,9460,683,397,979,166,5,172,1466552,228818,6202,235019
5.28.22 0:00,480,643,9454,682,396,979,166,5,172,1467531,228984,6207,235191
5.29.22 0:00,480,643,9448,682,395,979,166,5,172,1468510,229150,6213,235363
5.30.22 0:00,479,643,9443,682,397,979,166,5,172,1469489,229316,6218,235534
5.31.22 0:00,479,642,9439,681,396,979,166,5,172,1470468,229482,6223,235706
06.01.22 00:00,479,642,9436,681,395,1003,139,4,143,1471471,229621,6228,235849
06.02.22 00:00,479,642,9432,681,395,1003,139,4,143,1472474,229761,6232,235993
06.03.22 00:00,478,642,9429,681,397,1003,139,4,143,1473477,229900,6237,236136
06.04.22 00:00,478,641,9426,680,396,1003,139,4,143,1474481,230039,6241,236280
06.05.22 00:00,478,641,9423,680,396,1003,139,4,143,1475484,230178,6245,236423
06.06.22 00:00,478,641,9421,680,395,1003,139,4,143,1476487,230317,6250,236567
06.07.22 00:00,478,641,9419,680,395,1003,139,4,143,1477490,230456,6254,236710
06.08.22 00:00,477,641,9416,680,397,1003,139,4,143,1478493,230595,6259,236853
06.09.22 00:00,477,641,9414,680,397,1003,139,4,143,1479496,230734,6263,236997
06.10.22 00:00,477,640,9412,679,396,1003,139,4,143,1480499,230873,6268,237140
06.11.22 00:00,477,640,9409,679,396,1003,139,4,143,1481502,231012,6272,237284
06.12.22 00:00,477,640,9407,679,396,1003,139,4,143,1482505,231151,6277,237427
6.13.22 0:00,477,640,9405,679,395,1003,139,4,143,1483508,231290,6281,237571
6.14.22 0:00,477,640,9404,679,395,1003,139,4,143,1484511,231429,6285,237714
6.15.22 0:00,477,640,9402,679,395,1003,139,4,143,1485514,231568,6290,237858
6.16.22 0:00,477,640,9400,678,395,1003,139,4,143,1486517,231707,6294,238001
6.17.22 0:00,476,640,9398,679,397,1003,139,4,143,1487520,231846,6299,238145
6.18.22 0:00,476,639,9394,678,396,1003,139,4,143,1488523,231985,6303,238288
6.19.22 0:00,476,639,9388,678,395,1003,139,4,143,1489526,232124,6308,238432
6.20.22 0:00,475,639,9385,678,397,1003,139,4,143,1490529,232263,6312,238575
6.21.22 0:00,458,625,9180,664,405,1229,170,5,176,1491757,232433,6318,238751
6.22.22 0:00,440,610,8959,650,412,1491,207,7,213,1493248,232640,6324,238964
6.23.22 0:00,439,609,8944,649,412,1504,209,7,215,1494752,232849,6331,239180
6.24.22 0:00,438,608,8934,648,412,1517,210,7,217,1496270,233059,6338,239397
6.25.22 0:00,438,608,8928,648,411,1517,210,7,217,1497787,233269,6344,239614
6.26.22 0:00,437,607,8924,648,412,1517,210,7,217,1499304,233480,6351,239831
6.27.22 0:00,437,607,8915,647,411,1517,210,7,217,1500821,233690,6358,240048
6.28.22 0:00,436,606,8910,647,412,1517,210,7,217,1502339,233900,6365,240265
6.29.22 0:00,436,606,8905,646,412,1517,210,7,217,1503856,234111,6371,240482
6.30.22 0:00,436,606,8899,646,411,1517,210,7,217,1505373,234321,6378,240699
07.01.22 00:00,435,605,8894,646,412,1520,233,7,240,1506893,234554,6385,240939
07.02.22 00:00,435,605,8890,645,412,1520,233,7,240,1508413,234787,6393,241180
07.03.22 00:00,435,605,8886,645,411,1520,233,7,240,1509933,235020,6400,241420
07.04.22 00:00,435,604,8882,645,411,1520,233,7,240,1511452,235253,6408,241661
07.05.22 00:00,434,604,8879,645,413,1540,236,8,244,1512992,235489,6415,241904
07.06.22 00:00,437,606,8909,647,411,1449,222,7,229,1514442,235711,6422,242134
07.07.22 00:00,476,638,9381,677,393,906,139,4,143,1515348,235850,6427,242277
07.08.22 00:00,477,639,9396,678,394,967,148,5,153,1516315,235998,6432,242430
07.09.22 00:00,477,640,9404,679,395,957,147,5,151,1517272,236145,6436,242581
07.10.22 00:00,478,640,9408,679,393,952,146,5,151,1518224,236291,6441,242732
07.11.22 00:00,478,640,9410,679,394,949,146,5,150,1519174,236436,6446,242882
07.12.22 00:00,478,640,9412,679,394,947,145,5,150,1520120,236582,6450,243032
7.13.22 0:00,478,640,9412,679,394,946,145,5,150,1521066,236727,6455,243182
7.14.22 0:00,478,640,9412,679,394,946,145,5,150,1522012,236872,6460,243331
7.15.22 0:00,478,641,9413,679,394,945,145,5,150,1522958,237017,6464,243481
7.16.22 0:00,478,640,9412,679,394,946,145,5,150,1523904,237162,6469,243631
7.17.22 0:00,478,640,9412,679,394,947,145,5,150,1524851,237307,6474,243780
7.18.22 0:00,469,633,9305,672,398,1086,166,5,172,1525936,237473,6479,243952
7.19.22 0:00,474,637,9358,676,395,1017,156,5,161,1526953,237629,6484,244113
7.20.22 0:00,479,641,9420,680,393,936,144,5,148,1527889,237773,6488,244261
7.21.22 0:00,479,641,9417,679,392,939,144,5,149,1528829,237917,6493,244410
7.22.22 0:00,474,637,9366,676,395,1006,154,5,159,1529835,238071,6498,244569
7.23.22 0:00,471,634,9322,673,396,1063,163,5,168,1530898,238234,6503,244737
7.24.22 0:00,471,634,9318,673,395,1068,164,5,169,1531966,238398,6508,244906
7.25.22 0:00,470,634,9314,673,396,1073,164,5,170,1533039,238562,6514,245076
7.26.22 0:00,470,633,9307,672,396,1083,166,5,171,1534122,238728,6519,245247
7.27.22 0:00,470,633,9303,672,395,1088,167,5,172,1535210,238895,6524,245419
7.28.22 0:00,470,633,9300,672,395,1091,167,5,173,1536301,239062,6530,245592
7.29.22 0:00,469,633,9296,672,397,1096,168,5,173,1537397,239230,6535,245765
7.30.22 0:00,469,632,9293,671,396,1100,169,5,174,1538497,239399,6540,245939
7.31.22 0:00,469,632,9291,671,396,1103,169,5,175,1539601,239568,6546,246114
08.01.22 00:00,469,632,9289,671,395,1067,161,5,166,1540667,239729,6551,246280
08.02.22 00:00,469,632,9287,671,395,1067,161,5,166,1541734,239889,6556,246446
08.03.22 00:00,469,632,9285,671,395,1067,161,5,166,1542801,240050,6561,246611
08.04.22 00:00,468,632,9283,671,397,1067,161,5,166,1543867,240211,6566,246777
08.05.22 00:00,468,632,9281,671,397,1067,161,5,166,1544934,240372,6572,246943
08.06.22 00:00,468,631,9279,670,396,1067,161,5,166,1546000,240532,6577,247109
08.07.22 00:00,468,631,9278,670,396,1067,161,5,166,1547067,240693,6582,247275
08.08.22 00:00,468,631,9276,670,396,1067,161,5,166,1548134,240854,6587,247441
08.09.22 00:00,468,631,9275,670,396,1067,161,5,166,1549200,241015,6592,247607
08.10.22 00:00,468,631,9272,670,395,1067,161,5,166,1550267,241175,6597,247773
08.11.22 00:00,469,631,9279,670,395,1067,161,5,166,1551334,241336,6602,247939
08.12.22 00:00,467,630,9264,669,396,1067,161,5,166,1552400,241497,6608,248104
8.13.22 0:00,467,630,9261,669,396,1067,161,5,166,1553467,241658,6613,248270
8.14.22 0:00,467,630,9259,669,395,1067,161,5,166,1554533,241818,6618,248436
8.15.22 0:00,467,630,9257,669,395,1067,161,5,166,1555600,241979,6623,248602
8.16.22 0:00,467,630,9256,669,395,1067,161,5,166,1556667,242140,6628,248768
8.17.22 0:00,467,630,9254,668,395,1067,161,5,166,1557733,242301,6633,248934
8.18.22 0:00,467,630,9252,668,394,1067,161,5,166,1558800,242461,6638,249100
8.19.22 0:00,467,629,9251,668,394,1067,161,5,166,1559867,242622,6644,249266
8.20.22 0:00,466,629,9249,668,395,1067,161,5,166,1560933,242783,6649,249431
8.21.22 0:00,466,629,9247,668,396,1067,161,5,166,1562000,242944,6654,249597
8.22.22 0:00,466,629,9246,668,396,1067,161,5,166,1563066,243104,6659,249763
8.23.22 0:00,466,629,9244,668,395,1067,161,5,166,1564133,243265,6664,249929
8.24.22 0:00,466,629,9242,668,395,1067,161,5,166,1565200,243426,6669,250095
8.25.22 0:00,466,629,9240,668,395,1067,161,5,166,1566266,243587,6674,250261
8.26.22 0:00,465,629,9238,668,396,1067,161,5,166,1567333,243747,6680,250427
8.27.22 0:00,465,628,9236,667,396,1067,161,5,166,1568400,243908,6685,250593
8.28.22 0:00,465,628,9234,667,396,1067,161,5,166,1569466,244069,6690,250759
8.29.22 0:00,465,628,9232,667,396,1067,161,5,166,1570533,244229,6695,250924
8.30.22 0:00,465,628,9231,667,396,1067,161,5,166,1571599,244390,6700,251090
8.31.22 0:00,465,628,9229,667,395,1067,161,5,166,1572666,244551,6705,251256
09.01.22 00:00,465,628,9227,667,395,1058,158,5,163,1573724,244709,6710,251419
09.02.22 00:00,465,628,9226,667,395,1058,158,5,163,1574781,244867,6715,251582
09.03.22 00:00,464,628,9224,667,396,1058,158,5,163,1575839,245025,6720,251746
09.04.22 00:00,464,627,9222,666,397,1058,158,5,163,1576896,245183,6725,251909
09.05.22 00:00,464,627,9221,666,396,1058,158,5,163,1577954,245341,6731,252072
09.06.22 00:00,488,649,9536,687,389,617,92,3,95,1578571,245433,6733,252167
09.07.22 00:00,471,634,9322,673,395,936,140,4,144,1579507,245573,6738,252311
09.08.22 00:00,463,626,9203,665,397,1058,158,5,163,1580565,245731,6743,252474
09.09.22 00:00,462,626,9194,665,397,1058,158,5,163,1581622,245889,6748,252637
09.10.22 00:00,462,625,9189,664,396,1058,158,5,163,1582680,246047,6753,252800
09.11.22 00:00,462,625,9186,664,395,1058,158,5,163,1583737,246205,6758,252964
09.12.22 00:00,462,625,9183,664,395,1058,158,5,163,1584795,246363,6763,253127
9.13.22 0:00,462,625,9181,664,395,1058,158,5,163,1585853,246521,6768,253290
9.14.22 0:00,462,625,9179,663,394,1058,158,5,163,1586910,246680,6773,253453
9.15.22 0:00,462,624,9177,663,394,1058,158,5,163,1587968,246838,6778,253616
9.16.22 0:00,462,624,9175,663,394,1058,158,5,163,1589025,246996,6783,253779
9.17.22 0:00,461,624,9172,663,395,1058,158,5,163,1590083,247154,6789,253942
9.18.22 0:00,461,624,9169,663,395,1058,158,5,163,1591141,247312,6794,254105
9.19.22 0:00,461,624,9167,663,395,1058,158,5,163,1592198,247470,6799,254268
9.20.22 0:00,456,620,9107,659,397,1218,160,5,165,1593416,247629,6804,254433
9.21.22 0:00,429,599,8797,639,412,1523,200,6,206,1594939,247829,6810,254639
9.22.22 0:00,406,582,8546,623,425,1827,240,8,247,1596767,248069,6818,254886
9.23.22 0:00,388,568,8346,611,436,2031,266,9,275,1598797,248335,6826,255161
9.24.22 0:00,387,567,8326,609,435,2031,266,9,275,1600828,248601,6835,255436
9.25.22 0:00,386,566,8312,608,435,2031,266,9,275,1602858,248867,6843,255710
9.26.22 0:00,386,565,8298,607,434,2031,266,9,275,1604889,249133,6852,255985
9.27.22 0:00,385,564,8287,607,434,2031,266,9,275,1606920,249399,6860,256260
9.28.22 0:00,385,564,8283,606,434,2031,266,9,275,1608950,249666,6869,256534
9.29.22 0:00,384,563,8274,606,434,2031,266,9,275,1610981,249932,6877,256809
9.30.22 0:00,384,563,8268,605,433,2031,266,9,275,1613011,250198,6886,257084
10.1.22 0:00,383,562,8260,605,434,2018,284,9,293,1615029,250482,6895,257377
10.2.22 0:00,386,564,8285,606,431,2018,284,9,293,1617046,250767,6904,257671
10.3.22 0:00,399,574,8431,615,424,1789,252,8,260,1618835,251019,6912,257931
10.4.22 0:00,424,593,8716,633,410,1493,210,7,217,1620328,251229,6919,258148
10.5.22 0:00,475,635,9326,673,387,759,107,3,110,1621087,251336,6922,258259
10.6.22 0:00,476,636,9350,674,389,759,107,3,110,1621845,251443,6926,258369
10.7.22 0:00,477,637,9359,675,389,759,107,3,110,1622604,251550,6929,258479
10.8.22 0:00,477,637,9364,675,388,759,107,3,110,1623363,251657,6933,258590
10.9.22 0:00,486,645,9476,683,386,555,78,3,81,1623918,251735,6935,258670
10.10.22 0:00,487,647,9506,685,387,535,75,2,78,1624452,251811,6938,258748
10.11.22 0:00,484,643,9452,681,386,605,85,3,88,1625058,251896,6940,258836
10.12.22 0:00,484,643,9453,681,386,605,85,3,88,1625663,251981,6943,258924
10.13.22 0:00,484,643,9454,681,386,605,85,3,88,1626268,252066,6946,259012
10.14.22 0:00,482,642,9432,680,387,625,88,3,91,1626894,252155,6949,259103
10.15.22 0:00,448,613,9011,652,400,1211,171,5,176,1628104,252325,6954,259279
10.16.22 0:00,446,611,8976,650,400,1211,171,5,176,1629315,252496,6959,259455
10.17.22 0:00,445,610,8966,649,400,1211,171,5,176,1630525,252666,6965,259631
10.18.22 0:00,445,610,8961,649,399,1211,171,5,176,1631736,252837,6970,259807
10.19.22 0:00,476,636,9352,675,388,759,107,3,110,1632495,252944,6974,259918
10.20.22 0:00,473,634,9321,673,391,807,114,4,117,1633302,253058,6977,260035
10.21.22 0:00,443,608,8942,648,401,1261,178,6,183,1634563,253236,6983,260219
10.22.22 0:00,442,607,8927,647,401,1261,178,6,183,1635824,253413,6989,260402
10.23.22 0:00,442,607,8919,646,400,1261,178,6,183,1637085,253591,6994,260585
10.24.22 0:00,436,602,8851,642,404,1362,192,6,198,1638447,253783,7001,260784
10.25.22 0:00,428,596,8757,636,407,1513,213,7,220,1639960,253996,7007,261004
10.26.22 0:00,427,595,8747,635,407,1513,213,7,220,1641473,254210,7014,261224
10.27.22 0:00,427,595,8740,635,407,1513,213,7,220,1642986,254423,7021,261444
10.28.22 0:00,426,594,8733,634,407,1513,213,7,220,1644500,254636,7028,261664
10.29.22 0:00,426,594,8727,634,407,1513,213,7,220,1646013,254849,7035,261884
10.30.22 0:00,426,594,8726,634,407,1513,213,7,220,1647526,255063,7042,262104
10.31.22 0:00,424,592,8706,633,408,1513,213,7,220,1649039,255276,7048,262324
